Location,Year,R2,RMSE,AUC_Diff,Pearson
"45,AL",2012,0.9750585544103947,0.04859961340229157,0.09329214301451515,0.992178300900106
"45,AL",2013,0.9704855053871423,0.06767172052216373,-0.053271385197390386,0.9936670367586238
"45,AL",2014,0.9547845780424162,0.06844686987342634,-0.13494596656172525,0.9961354565286167
"45,AL",2015,0.9899452064054259,0.033817711445326575,0.021317757346021784,0.9951006645062545
"45,AL",2016,0.9867981345424547,0.03494052421635747,-0.019611597969567088,0.99468823919246
"45,AL",2017,0.9881139671359243,0.03350642254430024,-0.04780646906011191,0.9969544080605571
"45,AL",2018,0.9851025260856359,0.04491544888508305,-0.03731597554411595,0.9953089976824472
"45,AL",2019,0.9851587759423232,0.04167331946601422,0.0442035305934939,0.9939705213246357
"45,AL",2020,0.9781198604082926,0.04777925480618411,-0.0852157763006694,0.9929591566817819
"45,AR",2012,0.9909120333150871,0.02955151810473344,0.01310093400342428,0.9955120732299463
"45,AR",2013,0.989110986536981,0.03825060394121011,0.011467779933939218,0.9946048653681596
"45,AR",2014,0.9597183033897607,0.06555272213695865,0.12941676552720613,0.988667340489318
"45,AR",2015,0.9643240609980044,0.06705404524348932,0.10174640800499385,0.9908121904116304
"45,AR",2016,0.9867198111673418,0.0320704163284004,0.0007441120586536555,0.993404755195913
"45,AR",2017,0.9928631210820255,0.02939313581312595,0.03335579151545483,0.9971380355908159
"45,AR",2018,0.9513816200819923,0.07665189807927604,-0.047487857002975684,0.9863757997359819
"45,AR",2019,0.9789983204458698,0.0449509424877569,0.04106239791953201,0.990095681083422
"45,AR",2020,0.9671806634545738,0.05677401985993764,-0.08087050053866564,0.9869889867147631
"45,AZ",2012,0.8432376454155037,0.11082891563989637,0.12969780823016533,0.9247450549964924
"45,AZ",2013,0.6132705195354355,0.18642242558549882,0.4951055522929814,0.9499605248288842
"45,AZ",2014,0.8987719440469933,0.09289686454535048,0.21244905926812585,0.9723196327993947
"45,AZ",2015,0.9457629857811868,0.06569463108867521,0.09816495663099142,0.9844953094726334
"45,AZ",2016,0.8368530412172841,0.0986471772329423,0.24347108004800624,0.938300315400761
"45,AZ",2017,0.6858143393815161,0.14942395593252616,0.23217335022298616,0.8469221530706507
"45,AZ",2018,0.8244038079986425,0.11014413248852675,-0.23750838781691233,0.9158661767458592
"45,AZ",2019,0.6900791704254601,0.16811647833880114,0.32823009974254996,0.9050164154514658
"45,AZ",2020,0.9005138811603947,0.10562850873049652,0.11758789947882736,0.9545163275998744
"45,CA",2012,0.9774182347978358,0.05318074324474801,0.0015408909525137485,0.989532471909403
"45,CA",2013,0.9757651511422485,0.050671047962043574,0.06275603017724005,0.9913416153402282
"45,CA",2014,0.946501590204028,0.08217210803310082,0.12862073742592484,0.9777493629680023
"45,CA",2015,0.9660593505727643,0.0691603088939465,0.14353349214224762,0.9935374412870474
"45,CA",2016,0.9785247829313998,0.04625612048578326,0.020093529274128302,0.9893264345617754
"45,CA",2017,0.9716020668719092,0.061107888862717855,-0.02618960563123453,0.9858922059819808
"45,CA",2018,0.9622189683752259,0.0727047824768904,0.04249516120736669,0.982564788157225
"45,CA",2019,0.9705194054935122,0.05612781948863157,0.10360623014770194,0.9883026635678546
"45,CA",2020,0.9066489634542103,0.10988010345663742,0.10313229676453521,0.9560420940072255
"45,CO",2012,0.9392289234043756,0.07095266853808833,0.14464485150916923,0.9848754920002138
"45,CO",2013,0.9117933685121177,0.08151570647526676,0.1734162757090382,0.9746786769390614
"45,CO",2014,0.828249378341356,0.1257721771079285,0.36280370394679945,0.98927144946303
"45,CO",2015,0.854549624794229,0.13465965959314247,0.23615354727669402,0.9390851287153704
"45,CO",2016,0.9305824459142112,0.07795770976651986,0.23510113918633116,0.9882229241237184
"45,CO",2017,0.9345733489849506,0.08091659990319508,0.21669523364723786,0.9955229348810366
"45,CO",2018,0.9187582247804799,0.08687246814943207,0.23513838708338283,0.9913639044474649
"45,CO",2019,0.774314693845151,0.15512573758768222,0.41255024353926123,0.9624753198295805
"45,CO",2020,0.8466538371553265,0.113733185552456,0.22168941240217632,0.9280708285689885
"45,CT",2012,0.9844569909225172,0.03464983702368515,0.07953131365157967,0.9943418443395051
"45,CT",2013,0.9768964007824489,0.04289658349841212,-0.06659384386069846,0.9899330878977834
"45,CT",2014,0.9752776565607117,0.05479862026526457,0.07280235232684579,0.9902443681632231
"45,CT",2015,0.9898789886233582,0.0295528155507524,0.1007061584110139,0.9981466656932625
"45,CT",2016,0.9310723345247304,0.08734122907042545,0.14125566524072625,0.9741050919035705
"45,CT",2017,0.9527691766920761,0.0650338938435594,0.18291754957692186,0.9955187021985997
"45,CT",2018,0.9508163868102653,0.07367881485799639,0.1815584941651147,0.9911861695068932
"45,CT",2019,0.9401093999422836,0.07789573501809345,0.13612428656519923,0.9741872569742736
"45,CT",2020,0.939904335082532,0.06789498332169112,-0.2171470596166831,0.9914095866573382
"45,DC",2012,0.9727949209226573,0.04820902485724134,-0.06811000042343786,0.9925776399544117
"45,DC",2013,0.9502039100315826,0.07096052834628555,0.041033275274092056,0.9753328643743122
"45,DC",2014,0.9794746505626507,0.045651776181529824,-0.0021740350772634135,0.9905590589649915
"45,DC",2015,0.9693536066692058,0.0650853169650847,0.04753957291443735,0.9853092004663135
"45,DC",2016,0.9875928673243584,0.035698581505906164,-0.00964891274538641,0.9939934393451988
"45,DC",2017,0.9105183685612883,0.09759189623339164,-0.2614314729890511,0.9851338511773536
"45,DC",2018,0.9871183927850907,0.03774165453172661,0.0201046082212812,0.9936509319069338
"45,DC",2019,0.9647580857319171,0.057751861499521426,0.08718721858923677,0.9842247217524501
"45,DC",2020,0.9499143728396278,0.07363721370328503,-0.10008026671969392,0.9771629030616189
"45,DE",2012,0.9781799260067886,0.041139641517664395,0.019303355698726304,0.9893418941660499
"45,DE",2013,0.9515904976359245,0.0738974134219425,-0.0017959141797102406,0.9773267450387509
"45,DE",2014,0.9748546720185075,0.04890209896620148,-0.1077142133775971,0.9960337473508294
"45,DE",2015,0.9680848451632573,0.057519442597375826,-0.08575136608132886,0.9927696121468856
"45,DE",2016,0.9828854138965291,0.04301442598125824,-0.014882319718204315,0.9939216429537767
"45,DE",2017,0.9246512030741318,0.08402878940289882,-0.22417824977988415,0.9831655312730451
"45,DE",2018,0.9338928035846027,0.08895366591555552,-0.1917192288177768,0.9934454387387862
"45,DE",2019,0.9844414741030092,0.03829617399539075,-0.008998481038746696,0.9929387222670462
"45,DE",2020,0.9301862585808112,0.08430153757368432,-0.12510477232510483,0.9706631015537567
"45,FL",2012,0.9859097567421309,0.03594432564771857,-0.07049800241102323,0.9984836450259268
"45,FL",2013,0.9887863598765024,0.03729526054134531,-0.053331407654631,0.9965273087854654
"45,FL",2014,0.9767227869408125,0.05102018298124115,-0.04197811714284035,0.99496782563339
"45,FL",2015,0.9941423965771277,0.025196826673710274,-0.015314947619363686,0.9972837340134256
"45,FL",2016,0.9919585712121934,0.02986877350242716,-0.05826557078035904,0.9987092944885229
"45,FL",2017,0.9937844369840915,0.025890683403712235,-0.003927841004147589,0.9971731945949863
"45,FL",2018,0.9887582792646163,0.03927572723965897,-0.05632951919231971,0.997444794721168
"45,FL",2019,0.9515309140972321,0.07599740111043692,0.0768758126334059,0.9778473061492415
"45,FL",2020,0.983263176922376,0.0493400795868397,-0.024718009640618915,0.991805826930187
"45,GA",2012,0.9803801624534683,0.0424188934661524,-0.009529541899082013,0.9910185361702932
"45,GA",2013,0.9660166881831445,0.06462375082543832,-0.12056514789083858,0.992697663338566
"45,GA",2014,0.9778457954266871,0.047262880572748786,0.023876759338216723,0.9893500724637211
"45,GA",2015,0.9696852858467931,0.05635139490311395,-0.060782263803975,0.9921146172663129
"45,GA",2016,0.9859825910865831,0.03543404993372592,-0.01577225497448474,0.9940040828929029
"45,GA",2017,0.9652422655670647,0.05725291600421029,-0.12508399497434997,0.9958326218099142
"45,GA",2018,0.9541090076836791,0.07352746487548753,-0.03414233055025737,0.9824768545879737
"45,GA",2019,0.9839003586082595,0.04139579381650888,0.05038537657635813,0.9927242969988781
"45,GA",2020,0.9629287120784605,0.06917408333012778,-0.11134145938050781,0.988502172868972
"45,IA",2012,0.9417995521993516,0.07196270692151728,0.15186899700111955,0.9782103119034746
"45,IA",2013,0.907418892196844,0.0836303215923101,0.02536795247760469,0.9545777692844492
"45,IA",2014,0.9722863066353065,0.05497110159705832,0.0025912961511336866,0.9880093388121965
"45,IA",2015,0.8442222281163729,0.11077302303962429,0.27161382328822997,0.9661392938930524
"45,IA",2016,0.9675303653080941,0.05741707829655737,0.07464131139877722,0.9846736144519296
"45,IA",2017,0.94786190895274,0.06696308031867118,0.02195925487563581,0.9751006155134279
"45,IA",2018,0.9478427566604657,0.07358317863342367,0.11662043906762466,0.9775778167937184
"45,IA",2019,0.8855663795132558,0.10027973560159634,0.23661145181749832,0.9602181950157657
"45,IA",2020,0.7252217490940207,0.14473083978597243,-0.4873443310315416,0.979186889428523
"45,ID",2012,0.8646962061296444,0.10262178841146893,0.34760876616510633,0.9742661516620084
"45,ID",2013,0.6069177635724894,0.1689494842323551,0.5678140878676846,0.898812434512658
"45,ID",2014,0.6758852680861311,0.15757392013426486,0.5232906569544609,0.9724369889689108
"45,ID",2015,0.9060214081442683,0.08452019287875874,0.2927290981133516,0.9865501754400063
"45,ID",2016,0.9093817289151943,0.07203423106102169,0.1755875886655521,0.9809547068379841
"45,ID",2017,0.6801692172070957,0.16929696202583927,0.34092609741217417,0.8563595190738331
"45,ID",2018,0.8137749440328284,0.12190825811055916,0.4331354751033243,0.9735723915746645
"45,ID",2019,0.4302668027590819,0.20272166942406897,0.6278498506156751,0.8323556707105444
"45,ID",2020,0.3359351032294037,0.20132775389357913,0.6603652753665086,0.7606403801593169
"45,IL",2012,0.9828548204789562,0.03752501548214498,0.07928548946475254,0.9935790418307877
"45,IL",2013,0.8594635814462035,0.1261154648104885,0.0985717586682817,0.9331407072973152
"45,IL",2014,0.9558613047003769,0.06570084904331801,-0.08542554675720768,0.9789671692501687
"45,IL",2015,0.9760091348916977,0.04299587773360713,-0.06724746778708034,0.9902566896536769
"45,IL",2016,0.9855758848237576,0.03986537135320661,-0.016455032489214514,0.9943413894134996
"45,IL",2017,0.9042802177949054,0.09228892124773079,-0.15897954596088723,0.9640725820712885
"45,IL",2018,0.9669308182589811,0.054711824649188105,0.08353469142199348,0.9846024117414355
"45,IL",2019,0.8670134093573045,0.12505607577677524,-0.08873616018594044,0.9404483052960455
"45,IL",2020,0.8988584968903274,0.10083455339574926,-0.26576209314540106,0.9841602720580654
"45,IN",2012,0.95576534349698,0.06187787006564546,-0.009914066062147241,0.9782498487968088
"45,IN",2013,0.939312438411949,0.07087419154373889,0.06185951421633901,0.9701719750534166
"45,IN",2014,0.9589513246987051,0.06800385737650905,-0.14265941113764463,0.986720536804466
"45,IN",2015,0.970851900180914,0.04686966445152715,-0.12593944586813427,0.9924963329240745
"45,IN",2016,0.9730874088842052,0.05577384830942581,0.06984519084728563,0.9874237127084603
"45,IN",2017,0.8861586073676452,0.09772577761183161,-0.3193927804910473,0.9826680753142847
"45,IN",2018,0.94484005364214,0.0731987059381874,0.11382441553867594,0.9745419567302815
"45,IN",2019,0.9188364148427914,0.0880912396906268,-0.21496426139728247,0.9804002959775089
"45,IN",2020,0.8591701625775383,0.12243439271921042,-0.3026477716299148,0.9771518790511383
"45,KS",2012,0.9548367161118347,0.06344528103282984,0.0960479600523572,0.986113406710176
"45,KS",2013,0.9148385795176728,0.09734385298263326,-0.18789066959782674,0.9762632890110879
"45,KS",2014,0.9600131299541611,0.06802403963572017,0.0020533084765084674,0.9814062732067779
"45,KS",2015,0.890570048186958,0.09592674226581085,0.14456821491138538,0.9599200990688719
"45,KS",2016,0.9643982921845747,0.05602663118334024,0.05835791468743422,0.9831537594325215
"45,KS",2017,0.9500016278582464,0.07005950693272091,0.13693203504772777,0.9836074188501894
"45,KS",2018,0.9481254414945928,0.07262426589316277,0.06396632801438448,0.9746902900971887
"45,KS",2019,0.9410754572909202,0.08139345135756537,0.12558520920263416,0.9763925706913705
"45,KS",2020,0.9664983178334371,0.056632533884418246,-0.12175808228035018,0.9914048445582108
"45,KY",2012,0.9735579196581305,0.049699882082886275,0.039427879850318905,0.9870067776907878
"45,KY",2013,0.9630290281674726,0.060665286717135544,-0.05809765134400999,0.9836413137592931
"45,KY",2014,0.9332281350558094,0.09162889069902921,-0.18534283422472514,0.9929738921022482
"45,KY",2015,0.9700857519613972,0.052921670800176755,-0.023182419093700786,0.9856389912712842
"45,KY",2016,0.9588142697507628,0.06220991194898245,-0.11423402765054232,0.9928917930519128
"45,KY",2017,0.7458595775337622,0.14371453629609862,-0.5088680310229322,0.9789494677739837
"45,KY",2018,0.9737144149421527,0.05073705916040995,-0.05706856683106401,0.9926138000237185
"45,KY",2019,0.9240557488724427,0.07669287231893872,-0.16233120437918888,0.9737775971575762
"45,KY",2020,0.8939861906740707,0.10783788228279108,-0.29711743741425833,0.984694322577681
"45,LA",2012,0.9827131560915373,0.041081923270146,0.0590257756231264,0.9944030767898573
"45,LA",2013,0.9741033196791609,0.05124907737570388,0.052906050347002506,0.9892533484923092
"45,LA",2014,0.9822102336945224,0.04790533648250547,-0.04408066685167795,0.9921952431217153
"45,LA",2015,0.9876800267389544,0.03742274075239021,0.02236458659926259,0.9940658910787685
"45,LA",2016,0.9417268719892319,0.07504537731948596,0.08347209371416585,0.972960346403492
"45,LA",2017,0.966527868741079,0.05326717042630681,0.10673616037456858,0.9949512424072561
"45,LA",2018,0.9771125749032052,0.05292618361907511,-0.09734564003104026,0.9980186947449182
"45,LA",2019,0.9591818112636463,0.06899622234442986,0.07498696375989816,0.9846484807732427
"45,LA",2020,0.9846975819275758,0.039985889228677386,-0.043528644625118795,0.9933817123115297
"45,MA",2012,0.960195176459385,0.05365430751495589,0.15967344294104324,0.9906287093043227
"45,MA",2013,0.9203240026069516,0.07822274886707942,-0.10373303874433433,0.9635796965277624
"45,MA",2014,0.9155475376502137,0.10112551522797611,0.24543805155747245,0.9792532142357117
"45,MA",2015,0.9586714053913103,0.06072106626599882,-0.0030085833400399094,0.9870968209548535
"45,MA",2016,0.8863850760493507,0.10846105026671847,0.2741044130801125,0.974640830803913
"45,MA",2017,0.8210938859033654,0.12277244944380829,0.38757971203168057,0.9807240582986848
"45,MA",2018,0.8750308119922864,0.11755934528738274,0.2851696212059113,0.9783600646875387
"45,MA",2019,0.8083168945024024,0.1406023024311506,0.01156287940028364,0.9067976678563141
"45,MA",2020,0.7596679747138404,0.14348523423518217,-0.46316294838488303,0.9894856314205849
"45,MD",2012,0.9769438297608027,0.04278236708544702,-0.09164790959726637,0.9936940726401735
"45,MD",2013,0.9534700021044304,0.07430998294328536,-0.0004538337928442182,0.9768280981100388
"45,MD",2014,0.9664962450883684,0.058526884975778945,-0.10218676615616128,0.9955123794317334
"45,MD",2015,0.963096595125487,0.06419159851586993,-0.029752046656202534,0.9862427516426414
"45,MD",2016,0.9652210933999629,0.0555038136652722,-0.08953835241707832,0.9933779372795197
"45,MD",2017,0.9449878570671733,0.07604865551199654,0.1130599769323154,0.9765193728266537
"45,MD",2018,0.9848734557961901,0.04061457228663524,-0.050493733671189485,0.9947643193104176
"45,MD",2019,0.9748383611411773,0.048924028722592626,0.09146270882187914,0.9895818835535989
"45,MD",2020,0.9730487221482529,0.056158454762647345,-0.004769814379002305,0.9864723670061488
"45,ME",2012,0.9128895763015754,0.07518946881511471,0.29149557026050005,0.974713618278217
"45,ME",2013,0.7279144982056678,0.14936002638930054,0.23886459695800238,0.8625240048992697
"45,ME",2014,0.8016405869368342,0.1311380521425707,0.41936276788409177,0.9596958049474684
"45,ME",2015,0.9410437904238405,0.06883209813697869,0.2188701802185073,0.9818722532318579
"45,ME",2016,0.6732002007583984,0.1709287642855219,0.43210971962121336,0.8910220199257721
"45,ME",2017,0.5093957834088539,0.18279287822664733,0.6336627532482354,0.8856773422729277
"45,ME",2018,0.835186674086092,0.12075311476727459,0.30334208285171566,0.9492316669860872
"45,ME",2019,0.6474506980986157,0.18697280607086464,0.40481689917129765,0.8439244588548612
"45,ME",2020,0.8832361940253243,0.10041013391111848,-0.24271452086901465,0.976306598967762
"45,MI",2012,0.9618702333546953,0.05106782392163064,-0.10375012758617315,0.9911025964713469
"45,MI",2013,0.06648497809594855,0.24785605605440478,-0.5989146475957291,0.898600285209601
"45,MI",2014,0.9856078735369673,0.03871502661746323,0.03654448291878268,0.9929462544076395
"45,MI",2015,0.7161515785642225,0.13825783584281026,-0.37772742816723115,0.9899166271418806
"45,MI",2016,0.9574080835378038,0.06415350638567778,0.049569134060287304,0.9794796886027051
"45,MI",2017,0.8284395748026782,0.11577349025225894,-0.16520924441488705,0.9641900668199926
"45,MI",2018,0.9310216887186834,0.06883138323702945,0.10691293793983574,0.9714703185482325
"45,MI",2019,0.6800160483385971,0.18068639848674956,0.3279075214208909,0.8466090082799633
"45,MI",2020,0.9551184965123344,0.0603439672926255,-0.062408573862197746,0.9832921218441012
"45,MN",2012,0.8159771027257692,0.12143022337663975,0.312961743467234,0.9344813911905961
"45,MN",2013,0.8488989712819833,0.11373261300803245,0.3001549643602424,0.9677667090551622
"45,MN",2014,0.9415200976310574,0.07894756167657226,0.1604809686751998,0.9830473257854293
"45,MN",2015,0.8171376166585563,0.12406702662648855,0.3593433083240523,0.9409110254333041
"45,MN",2016,0.9077039632495152,0.08554838059118842,0.21921463289285728,0.973398617716772
"45,MN",2017,0.8469464511408218,0.10722719187560066,0.371321440405406,0.9824514315527438
"45,MN",2018,0.8549221090341254,0.10093489976932732,0.31113300204960054,0.9470722356394751
"45,MN",2019,0.7360587996430773,0.12959322888837585,0.2804704798933824,0.8844202754086854
"45,MN",2020,0.9031334778154673,0.0907092121585222,-0.2132552224548944,0.9905794470022694
"45,MO",2012,0.9947212498840672,0.021567047880209366,0.03316526888974881,0.9977894804202815
"45,MO",2013,0.9286515620565103,0.08822663693068805,0.10272780037360808,0.9657238264262458
"45,MO",2014,0.9697785176237192,0.056092165259850904,-0.04297026229944737,0.9866441223318938
"45,MO",2015,0.8967386146062336,0.095417580650843,0.20416642686192207,0.9683643801248971
"45,MO",2016,0.937753414961954,0.08177042021913417,-0.09451496032667786,0.975420458710175
"45,MO",2017,0.9806009174677853,0.045364682130861006,0.04687407064216204,0.9911667542819161
"45,MO",2018,0.9152266852794348,0.09003693193745013,0.19752386971592525,0.9669506484039536
"45,MO",2019,0.9786193973134703,0.04947780562634046,0.06651479853728588,0.9902846164191121
"45,MO",2020,0.9174675614201943,0.08732104962836665,-0.1806295843341215,0.9852236366972451
"45,MS",2012,0.9843389982262776,0.04017952853849969,0.06703937674752881,0.9968490243607996
"45,MS",2013,0.9849622043635518,0.0454907040155799,-0.0032634056074512903,0.9926009547714412
"45,MS",2014,0.9671107164012269,0.06285577053660672,-0.056580942446080966,0.9862106334430573
"45,MS",2015,0.9830879685412857,0.04731726116875927,-0.050172607985853344,0.992499069098339
"45,MS",2016,0.9667735761396028,0.055854660089874233,0.11257924704898074,0.9914579913219609
"45,MS",2017,0.9917962542746139,0.029292825647795173,0.03735192531014139,0.9966050701419713
"45,MS",2018,0.9783283369628673,0.05208703297908364,-0.008718442960474353,0.990321716058742
"45,MS",2019,0.9767108743200364,0.04846860263760397,0.07873537589979107,0.9935744063514045
"45,MS",2020,0.985868521705857,0.0350681237026557,-0.02920866146412683,0.9934323067218616
"45,MT",2012,0.6085814666962659,0.1752697117253412,0.5785490686706581,0.8778501374192932
"45,MT",2013,0.0,0.6426462898061035,-2.451737227951438,0.6607484356674292
"45,MT",2014,0.0,4.134359291480126,-12.017546613126486,0.9104127690069046
"45,MT",2015,0.0,0.2643960725841826,-0.255138688375255,0.8038091862939513
"45,MT",2016,0.0,0.24402819149482657,0.9178866780652177,0.5327782978946967
"45,MT",2017,0.11062338553850426,0.21819992318522646,0.8780183422109431,0.7653671432986567
"45,MT",2018,0.7097611438236078,0.1145255520961166,0.495091364640866,0.9117263857184656
"45,MT",2019,0.6611660352251805,0.1323551281586052,0.5664196942590872,0.9049284222089374
"45,MT",2020,0.3451039656208382,0.17408107473479956,0.7537981851592807,0.7517659257511795
"45,NC",2012,0.9826490831162443,0.03902461388280472,-0.05991384540012805,0.9946959020051798
"45,NC",2013,0.9703338415558046,0.059267585221336835,-0.03496573811508134,0.9877214491098155
"45,NC",2014,0.98011935230918,0.04890000667336091,0.005684316340767646,0.9901435845483582
"45,NC",2015,0.9658930413321094,0.06284640351884123,-0.09605536177794105,0.992677267331615
"45,NC",2016,0.9858496894774856,0.03749727450310241,0.009641092582520534,0.9932330179946183
"45,NC",2017,0.9947179918347967,0.021663704275403796,0.012552736256215943,0.9974149570761398
"45,NC",2018,0.9400167290800466,0.07966182718325503,0.009321589756035054,0.979157486892072
"45,NC",2019,0.9604424382646067,0.05827367577979584,0.08629644562235882,0.9824669733108939
"45,NC",2020,0.8973544890907117,0.10275857209190097,-0.18779427388290185,0.9603993023430499
"45,ND",2012,0.0,0.4488305131991095,-0.605496491572398,0.7143267275453666
"45,ND",2013,0.0,1.8390920241435558,-3.0698557615897775,-0.1538993464529117
"45,ND",2014,0.6559342761623326,0.15604048858126776,0.09703601058825842,0.8443347661626619
"45,ND",2015,0.7220335742190729,0.12110468912885608,0.30044460719518234,0.8625468708890416
"45,ND",2016,0.8510990436226945,0.09105174397511366,-0.1888003801608639,0.9742823482437413
"45,ND",2017,0.0,0.41603746125164276,-0.4125027436993484,0.6982893269624957
"45,ND",2018,0.8700317428032985,0.09054095611127704,0.15778952443230262,0.9358598020324134
"45,ND",2019,0.8353270554513746,0.10808185285867362,-0.07491307578851025,0.9363198732400816
"45,ND",2020,0.5489486442797592,0.14748988791532866,0.6527076503328979,0.9401053233904908
"45,NE",2012,0.9542331406090448,0.06489167206243858,0.13584476813866342,0.9872864586346448
"45,NE",2013,0.8514910799672296,0.12004312210827338,-0.05899977608790255,0.9344723754941662
"45,NE",2014,0.9806994938163155,0.04676279803524665,-0.0017560152903020345,0.9911067996073082
"45,NE",2015,0.9269366788271327,0.08913865420143982,0.16050353752065527,0.9794846638332606
"45,NE",2016,0.9842052066603589,0.036362602729762696,0.06642699232213291,0.9937575504919466
"45,NE",2017,0.844095481144328,0.1163711528605357,-0.17363628506581416,0.9320324138152676
"45,NE",2018,0.925175700833042,0.09395682248632507,0.059838346643080395,0.9644497571358518
"45,NE",2019,0.9201685946368778,0.09060465741295899,0.14545991124241153,0.9657067322352585
"45,NE",2020,0.9805808509016498,0.03999072492181123,-0.08455414883160359,0.9929142498354318
"45,NH",2012,0.925711610685491,0.06718485805628574,0.1447294549627367,0.9647091745216558
"45,NH",2013,0.8559404567974414,0.1128522163753089,-0.007801459898977224,0.9396252825142044
"45,NH",2014,0.9131760675428717,0.09357492701590163,0.26861382353338714,0.9803721651608922
"45,NH",2015,0.9708259177385983,0.048329428931829746,0.10212564561302613,0.9869530109309341
"45,NH",2016,0.8731365772239896,0.10421269404121174,0.21544662034291226,0.9467802608834889
"45,NH",2017,0.6765944602429499,0.14747278650861212,0.4971266659324659,0.9125184142031653
"45,NH",2018,0.8846776780239783,0.1036461184356621,0.26740349643021794,0.9649547452230764
"45,NH",2019,0.8269790635809214,0.12145976526805193,0.2570456434741309,0.9234069640783644
"45,NH",2020,0.8923429430592763,0.0985094839049781,-0.26820187989596206,0.9949665124741915
"45,NJ",2012,0.9744015633411799,0.048812703848022665,-0.09672552258339556,0.9946925633540309
"45,NJ",2013,0.9616571681471593,0.06508640781877302,0.07751442136735388,0.9821001841226873
"45,NJ",2014,0.9762602542587105,0.054789374177650424,0.008713970109196532,0.990582859399811
"45,NJ",2015,0.9733882200638809,0.05605311159638131,-0.020592168462143137,0.9907322245601133
"45,NJ",2016,0.9411524397040961,0.08125407259978795,-0.0627231827420703,0.9765852074293226
"45,NJ",2017,0.9748793539483586,0.04798994354654016,0.009800066412056352,0.9875248249201994
"45,NJ",2018,0.9810078782019869,0.0428894957771731,-0.10563672182035727,0.9973549169243566
"45,NJ",2019,0.9719372764006546,0.056635453629202664,0.07915509824873668,0.9870378993596987
"45,NJ",2020,0.9612431611197596,0.06371761909838156,0.012153486727483336,0.9804543091284608
"45,NM",2012,0.5564239215476761,0.17541557443961006,0.5072580305002847,0.8355777609068282
"45,NM",2013,0.9586603585373615,0.05546285124895726,0.1452355219617055,0.9855633623865133
"45,NM",2014,0.9894247210749186,0.029287202128553555,0.045789905838097986,0.9950470347592296
"45,NM",2015,0.8068383409533654,0.15487534732325986,0.3846619054629956,0.9672124540507655
"45,NM",2016,0.8863997777298994,0.10227291324435427,0.3238904868939248,0.9765233112065724
"45,NM",2017,0.8011124014205817,0.1573670855677891,0.2813215864172429,0.9146188287488747
"45,NM",2018,0.779374243663518,0.15218162430749727,0.425526714093071,0.9950586639445861
"45,NM",2019,0.8859062464950823,0.09535365862517903,0.07986674312565019,0.9526302177275552
"45,NM",2020,0.6033076535673412,0.2026539198528953,0.5091369480386833,0.8843884965225206
"45,NV",2012,0.1777790752517595,0.2840678173248858,0.08821186855025763,0.7445139293838327
"45,NV",2013,0.0,0.30595807083202164,-0.8205802638242322,0.8970970244290977
"45,NV",2014,0.030956094648759702,0.24832559107093866,0.8697931083642536,0.6505629623727522
"45,NV",2015,0.1994140697889757,0.2719173799583406,0.8278740040214887,0.8693122696735552
"45,NV",2016,0.5858216307259201,0.1579766193776487,-0.050988316157123494,0.904917069213237
"45,NV",2017,0.0,0.39966866371563925,-1.2648257462988386,0.8159020991660373
"45,NV",2018,0.6087156117867694,0.18093654533048134,0.49915546539875166,0.8628904918253152
"45,NV",2019,0.9303290104393213,0.05680591149589813,0.15442138800747723,0.9717133302435994
"45,NV",2020,0.7996767185666507,0.09245265648012692,-0.033982184761587854,0.8954503745054849
"45,NY",2012,0.9711663587160483,0.04548124808204451,0.14208177741218808,0.9892265249245862
"45,NY",2013,0.933887084141874,0.07117634683356701,-0.08846517951908661,0.9703500409913348
"45,NY",2014,0.9889544153903357,0.03502377169228556,-0.004455467589112496,0.994467414764793
"45,NY",2015,0.9362545991114946,0.07350341397753893,0.20588334252274348,0.978368769156699
"45,NY",2016,0.9069241943457383,0.09913313828802411,0.09120939545126584,0.9593921265619372
"45,NY",2017,0.992099632239996,0.02619505563672383,0.0676852849649924,0.9970244389714812
"45,NY",2018,0.9649329744256953,0.05380344732477851,0.08612267217660884,0.985202563147049
"45,NY",2019,0.9462103548513741,0.07830222772656206,0.04894280819612696,0.9737382233016106
"45,NY",2020,0.8950369988930205,0.09181237862286093,-0.22228313573764785,0.9727619369001048
"45,OH",2012,0.9689038198519039,0.05160443923465854,0.09461616312008526,0.9908560224108944
"45,OH",2013,0.9615883831307692,0.05873700920915155,-0.04158880777096119,0.9834302749596531
"45,OH",2014,0.8845971176580507,0.11405390918850628,-0.046193927103927356,0.9443035764628557
"45,OH",2015,0.9272920836832519,0.08289400817160668,0.08127029332240927,0.9649897786466387
"45,OH",2016,0.969271800919954,0.05586831669772578,0.07191243578617264,0.9859583922926868
"45,OH",2017,0.8985122152658636,0.10221470864768394,-0.2327890643913588,0.9886359713073432
"45,OH",2018,0.9605182444775892,0.060973669073223054,0.13757146276549787,0.9885418636570122
"45,OH",2019,0.9500843870037671,0.06831298083714422,-0.11014167477054376,0.9826912521230974
"45,OH",2020,0.9327557445549027,0.07534705849753186,-0.2063681131464854,0.9904996175333649
"45,OK",2012,0.9822418223991661,0.04556055850477143,0.08359147768979873,0.9954516414021206
"45,OK",2013,0.9758601778392754,0.05372855244484764,-0.0036950207746790226,0.9895961199854898
"45,OK",2014,0.9838193011377137,0.05017632133559219,0.07664915891375494,0.9938384693379043
"45,OK",2015,0.9834617510269565,0.04780667887424021,0.030230990976774983,0.9921599526597531
"45,OK",2016,0.9826086983704424,0.04566786944221809,-0.07440015890109687,0.9944254724727445
"45,OK",2017,0.9807902395820491,0.048311020670555364,0.09295390817770828,0.9947034638509924
"45,OK",2018,0.9783414005791139,0.049786787004295875,0.04547127742874568,0.9896310299292199
"45,OK",2019,0.9887892766474631,0.039049353614875236,0.0077163034056425385,0.9947257730887975
"45,OK",2020,0.9465961217922275,0.08200963279653542,-0.05810860177941735,0.9741508421310893
"45,OR",2012,0.4911007299242226,0.18360328867665915,0.6671969423939588,0.91603533725228
"45,OR",2013,0.6435747672394738,0.15733256377926014,0.5655979443623333,0.9594250131782771
"45,OR",2014,0.43487541478622604,0.16331228544780862,0.6452011291672687,0.9051865685748561
"45,OR",2015,0.8535036366278057,0.09754087787215832,0.3311685450924587,0.9873686759080315
"45,OR",2016,0.1392664699673597,0.21588042982922023,0.7345418962792936,0.5168708463887275
"45,OR",2017,0.23849975931271383,0.21381975147498508,0.7332216415695106,0.7876770199819946
"45,OR",2018,0.4972675782744628,0.20417790206155048,0.6399058521658939,0.9233679047525126
"45,OR",2019,0.6605306556863857,0.1470034116482597,0.5119422299758051,0.9315695974181673
"45,OR",2020,0.3646258965978022,0.20737934200205943,0.5211112699016546,0.6817612816523038
"45,PA",2012,0.9761411148901606,0.044950769404596046,-0.08566820496215945,0.99304814599113
"45,PA",2013,0.9813876770010476,0.04308890122252784,-0.07555245373401169,0.9973887422782337
"45,PA",2014,0.9681026624807006,0.06420903068990545,0.03472193751372981,0.9841302508988569
"45,PA",2015,0.9407105189216409,0.08251502522408875,0.11441929828149008,0.9725024130704414
"45,PA",2016,0.9697956517047107,0.05506179997355142,0.11242685888742701,0.9894009763318683
"45,PA",2017,0.9456558992364551,0.06784612523976796,-0.0969006358444221,0.9815550081339214
"45,PA",2018,0.9924443269901917,0.026327821790671082,-0.010187703240843492,0.996233087914461
"45,PA",2019,0.8847109380307568,0.1194838277294008,0.22998636006193038,0.9537931137142995
"45,PA",2020,0.980967904224633,0.04306405420463686,0.029086653421020674,0.9908230392934583
"45,RI",2012,0.9418358429487351,0.06537644830965585,0.17170332337964797,0.9847124300391644
"45,RI",2013,0.9538307359286389,0.06053483589142247,-0.10740206878178625,0.9808323235518285
"45,RI",2014,0.9458087978142106,0.08349494725946477,0.15662776818822527,0.9844251005105605
"45,RI",2015,0.956427659681875,0.06386693614005474,-0.00047362755648961465,0.9852776732546132
"45,RI",2016,0.9659968879692662,0.058579113432982846,0.1389132553903635,0.9922099153391444
"45,RI",2017,0.8776970235134116,0.10571375399220789,0.3226320541270363,0.9883050910849439
"45,RI",2018,0.9181945427757983,0.09680919999233269,0.24813660762810397,0.986643506814391
"45,RI",2019,0.8981451153195117,0.10407293109826339,0.0027286099240558972,0.949914449636259
"45,RI",2020,0.8169553291412975,0.12504185476641044,-0.408544437404121,0.9849848567966699
"45,SC",2012,0.9907846884475475,0.02969108779776602,-0.02446395178663869,0.9955717080421788
"45,SC",2013,0.9787110839362123,0.05260620819560112,-0.009020068740049897,0.9900765476822654
"45,SC",2014,0.9322579696331559,0.09030821905900425,-0.12670672063202357,0.970480427533025
"45,SC",2015,0.9602132719607458,0.07533522115446543,-0.033861409831984525,0.9837877485600767
"45,SC",2016,0.9856518071068362,0.03946234031484392,0.003446003036859504,0.993868129976828
"45,SC",2017,0.9876856318567542,0.03679889916848544,-0.0027384525095524126,0.9954564236920923
"45,SC",2018,0.9720554646746307,0.06622906356869637,-0.02100140753694846,0.9890050470462884
"45,SC",2019,0.970706935024976,0.06623529342790174,0.08049858553163591,0.9873717301052461
"45,SC",2020,0.9830572436182944,0.04900407220371184,0.000993760463696178,0.9916617042108745
"45,SD",2012,0.8305645354142452,0.1061466917825384,0.36828816778914697,0.985440515302651
"45,SD",2013,0.8197555265338614,0.11313455557448523,0.24281788640676358,0.9243579343883501
"45,SD",2014,0.9715479723266023,0.05400759677109114,0.09064000977041703,0.988528004368199
"45,SD",2015,0.9199942501325674,0.08376623855206196,0.2650364193898355,0.9855238630631282
"45,SD",2016,0.951926802353635,0.06339994733613093,0.04689032018588307,0.9776814024123377
"45,SD",2017,0.651203858544425,0.18470913745753248,0.40598254992797544,0.8536359904420954
"45,SD",2018,0.903246475744237,0.09094473525782468,0.1994156468761951,0.9567962330588562
"45,SD",2019,0.9161725553361055,0.08921751002360022,0.10516806637373316,0.9599588149933782
"45,SD",2020,0.9649903599810651,0.05586943807290228,0.1224485478901518,0.9844385852585593
"45,TN",2012,0.9882284144410737,0.03311243363623757,-0.005333084967282899,0.9943248224110637
"45,TN",2013,0.9640678592523265,0.06211517233806092,-0.0030926532156510525,0.9822983483245457
"45,TN",2014,0.9901696149830621,0.029625032235708608,-0.013218682572925999,0.9952518583891785
"45,TN",2015,0.956778311351256,0.06757498431116189,-0.03945104616447069,0.9822024300619184
"45,TN",2016,0.9873135315644104,0.03138442348811572,-0.02623747007031616,0.9948579178167447
"45,TN",2017,0.9630504577591039,0.05841442181191362,-0.091509082142543,0.9898063931155641
"45,TN",2018,0.959156487392105,0.0670784230031759,-0.1432207939309723,0.9933829867311309
"45,TN",2019,0.9659109196617166,0.056133178278977215,-0.11994569478299597,0.9880442179276411
"45,TN",2020,0.956818181176667,0.0686709359453902,-0.11259258781820211,0.987318392666679
"45,TX",2012,0.9734853449494917,0.06032788807084555,0.02025196737843822,0.9870260452406113
"45,TX",2013,0.9887407507666792,0.04250834448784505,-0.0016264408669819039,0.9944014180391894
"45,TX",2014,0.9699545176032239,0.06674228945961824,0.08172748887638359,0.9882701688285669
"45,TX",2015,0.9765735058077131,0.05337104461858879,-0.01620849254652714,0.988586595467799
"45,TX",2016,0.976949850489107,0.046254960588914686,-0.0037994595940706367,0.9886096407008267
"45,TX",2017,0.9579607676145465,0.06377739937066365,0.04205241802696861,0.979950783700899
"45,TX",2018,0.9629625263819366,0.06613472285440236,-0.05458200509541984,0.984812330465596
"45,TX",2019,0.9537887384160889,0.08504974254333666,0.09506172345126071,0.9828864433403876
"45,TX",2020,0.9307421003079609,0.09309729340339498,0.0014310745322920655,0.964828576605659
"45,UT",2012,0.9114391716668303,0.08548692885583221,-0.13462155373964804,0.9626917062008858
"45,UT",2013,0.874046173320778,0.10495475566578162,0.30235674462869,0.9888261455590581
"45,UT",2014,0.8043723801113881,0.13409730371294545,0.4023165757237108,0.9667336419489959
"45,UT",2015,0.7395304775241288,0.17365329110817154,0.4152121948646234,0.9395560806783071
"45,UT",2016,0.8640528051851657,0.11714620639110082,0.35243882447195124,0.9861900425259029
"45,UT",2017,0.9072256121079074,0.09024945451109508,0.09169708948622682,0.9584300866809427
"45,UT",2018,0.9435991786219851,0.07805253569513905,0.19575657175269803,0.9951200127418284
"45,UT",2019,0.9372445793128377,0.07784158876219675,0.17065837824101157,0.9764457920729328
"45,UT",2020,0.9496445131579613,0.06945660732455661,0.16467883354329374,0.9838193594879063
"45,VA",2012,0.9875436390704722,0.03303246086238019,-0.042183730480913395,0.9959185496872892
"45,VA",2013,0.9521969883165718,0.06919101669365285,-0.006989071602857311,0.9768423545071443
"45,VA",2014,0.9700854115644056,0.0563204821154055,-0.05105070254935084,0.9874507424653179
"45,VA",2015,0.9282238204063196,0.0949672362571642,-0.15136152798411007,0.9847806643629607
"45,VA",2016,0.9873764625155622,0.03332504890672691,0.023874170896721354,0.9941188998299453
"45,VA",2017,0.9417362924560452,0.07632565766868957,-0.21437395954331886,0.991566768385429
"45,VA",2018,0.9627929645703862,0.06356594028276816,-0.04972896505196083,0.9896788867145301
"45,VA",2019,0.9664338558981271,0.055858804193559826,0.09718551309900306,0.9874143989437221
"45,VA",2020,0.9290240840482965,0.08098475777083425,-0.1031575343397625,0.96681644254147
"45,VT",2012,0.0,0.7579713627706444,-1.8206628262946531,0.8956146722845858
"45,VT",2013,0.0,0.29480992426715935,-0.5121572375308211,0.8441170596940683
"45,VT",2014,0.9356517354512006,0.0782721220347726,0.1983849822363992,0.9747986139554737
"45,VT",2015,0.9688508115314723,0.045282614678385784,0.00430575476909727,0.9900065247624413
"45,VT",2016,0.8997988908667809,0.09078686893332394,0.0025044565011580703,0.9518285794551227
"45,VT",2017,0.6637064965604931,0.15309908849753281,0.5028423134015523,0.8905272102998174
"45,VT",2018,0.9540578877297715,0.05959358454180326,0.07220805645395706,0.9796419344047771
"45,VT",2019,0.7935260798226602,0.13073361887525517,0.10088591948399846,0.9048038200364714
"45,VT",2020,0.6233398193208259,0.18069184517264258,-0.4800924384107906,0.9903035959155253
"45,WA",2012,0.0,0.3004259061617655,0.9637534628977229,0.5290316053360814
"45,WA",2013,0.0,0.2605391748549705,0.877920275981097,0.4484945652619599
"45,WA",2014,0.0,0.23908615456535012,0.9887861771424751,0.642757134442591
"45,WA",2015,0.6262833956279283,0.12009720291691135,0.3248373848343024,0.8026655250317428
"45,WA",2016,0.0,0.2674606346075258,0.8482533976703458,-0.1240088214300502
"45,WA",2017,0.0,0.28522623751037834,0.9783166402033621,0.391613040057756
"45,WA",2018,0.14097276041994344,0.2899949436267457,0.8063319597600086,0.7641892996596023
"45,WA",2019,0.0,0.25689142962573974,0.8665669764859971,0.1772396700393952
"45,WA",2020,0.24861147044568144,0.17595823557293583,0.809495498242691,0.9455307505912367
"45,WI",2012,0.9733933745526621,0.04331875921143812,-0.037695509186457477,0.9884577682464225
"45,WI",2013,0.845268028632578,0.10755920259620559,0.2866281071066723,0.9503167263008767
"45,WI",2014,0.9722215523613109,0.05484270808508808,0.0790088400994076,0.986891605447015
"45,WI",2015,0.983695678090444,0.03186508982355952,-0.008884954185633195,0.9940174384351944
"45,WI",2016,0.9805288203612147,0.041769837238219774,0.03982428774991094,0.9904991930100598
"45,WI",2017,0.975817687548548,0.04160201259164666,0.05104458369360736,0.9882373182824423
"45,WI",2018,0.941669191024109,0.06898910593644032,-0.13324447741336043,0.9853792500461781
"45,WI",2019,0.8533343195040932,0.10977574238334634,0.17112082584027719,0.9283195362849743
"45,WI",2020,0.9325338049390223,0.07027303064356175,-0.12571338162471435,0.9904231949433623
"45,WV",2012,0.956926705230776,0.06254965910697174,0.021967022903969003,0.9810973712246454
"45,WV",2013,0.9716353524249457,0.05751791229598001,-0.01841217797887258,0.9867657874846452
"45,WV",2014,0.8763895007829015,0.11703564358794327,-0.3012792706278477,0.9793314551854224
"45,WV",2015,0.9336489772487884,0.07987249780483943,-0.1947687082709299,0.9936606972931386
"45,WV",2016,0.9383383823128156,0.07165889257813345,-0.17498265132506485,0.995648692509548
"45,WV",2017,0.9488711192048079,0.06787997989404117,-0.1891528831189491,0.9938800878268602
"45,WV",2018,0.9500769735390243,0.07037831865511172,-0.14857046530354978,0.9910915933159435
"45,WV",2019,0.8725673112572366,0.10757075050441096,0.1637355143771503,0.9397096841001541
"45,WV",2020,0.9161743921391066,0.09853252147105665,-0.2435174782340007,0.9811532785869383
"45,WY",2012,0.7331258307301778,0.1316207722569093,0.4767792442800866,0.9330391953868538
"45,WY",2013,0.35032823234532484,0.2060009734797893,0.5463416181860995,0.6554252426664856
"45,WY",2014,0.5816421855413747,0.15895830246070547,0.649352824803961,0.9764810410211004
"45,WY",2015,0.6896584633509548,0.15347485490801707,0.4742544625993728,0.9644731837705786
"45,WY",2016,0.4565916145503224,0.20105808244287737,0.6837765819447366,0.834312113297874
"45,WY",2017,0.6038426474787384,0.147405636813515,0.5717837369402201,0.9143167366626905
"45,WY",2018,0.9076202430647554,0.0712177246087734,0.2980942935769346,0.9706546717684899
"45,WY",2019,0.912712342046707,0.06759122311081124,0.2386912543086466,0.9672160020821492
"45,WY",2020,0.6544431310602221,0.15032772221129073,0.5466755379277697,0.9078051936336093
"85,AL",2012,0.986403908553679,0.03745391332101071,-0.0207507543349161,0.9933402824002903
"85,AL",2013,0.9777937004466934,0.053986030469383446,-0.030206140359657258,0.9891239636380675
"85,AL",2014,0.8978825788194794,0.10039157391421138,-0.20769709600946698,0.9856165629676584
"85,AL",2015,0.9675304893599604,0.07070070535775178,-0.036022429033055275,0.98686907359093
"85,AL",2016,0.893244328785559,0.11132382792716404,-0.15915603133351425,0.9839542940998545
"85,AL",2017,0.9450009811821466,0.08442472712906218,-0.14642924478723185,0.9941855180833946
"85,AL",2018,0.9603608089655297,0.06293937371246437,-0.0975258224830485,0.9895307276296934
"85,AL",2019,0.9205097097140469,0.10571654126978423,-0.12116253507638317,0.9896210933980137
"85,AL",2020,0.9023080830775283,0.09549824942996565,-0.1975590888260772,0.9849784728702589
"85,AR",2012,0.9819818334208192,0.04463379266835901,0.03433224340637521,0.9915932629255209
"85,AR",2013,0.9876753467598512,0.042964616379575236,-0.04431539170309245,0.9951485595685632
"85,AR",2014,0.8506835342273977,0.14175724860257607,-0.2718120631311297,0.9935774560581834
"85,AR",2015,0.9550294979967642,0.0756911226499646,0.10797820978209496,0.9808534732932868
"85,AR",2016,0.9762132889353059,0.05061448563285346,-0.05409330360558486,0.9936961632097632
"85,AR",2017,0.9570430945810293,0.07964753617125149,-0.12160958813272017,0.9925159802854608
"85,AR",2018,0.9633875532573294,0.058147496320603176,-0.11528841150096227,0.9897346663995483
"85,AR",2019,0.9422156676427189,0.09108319203190608,-0.018066367196202034,0.977060866244334
"85,AR",2020,0.9597418933971428,0.06744803306792725,0.013133146584567013,0.9816382834387146
"85,AZ",2012,0.7453640824010952,0.15733077515444313,0.28011369551072696,0.9140002040207277
"85,AZ",2013,0.6951766946597536,0.14614224089039404,0.39251334298965745,0.9231763761909171
"85,AZ",2014,0.6345531827859316,0.18821751178266563,0.4235056137312923,0.9078257722582912
"85,AZ",2015,0.9316884871528138,0.06466593791002571,0.030812938240793758,0.9704120386777919
"85,AZ",2016,0.700156239852777,0.15817224000632904,0.38848097924444625,0.9129084096935907
"85,AZ",2017,0.732786823767668,0.1598667133076241,0.36704978506523017,0.9238850149655733
"85,AZ",2018,0.763023687081913,0.14664098201451864,0.3428743517260413,0.9466871403300628
"85,AZ",2019,0.45076787613363745,0.2083569704300504,0.5740155077903163,0.847013095032538
"85,AZ",2020,0.7110777515564909,0.15928221445611326,0.320679685533263,0.8946967849836701
"85,CA",2012,0.9025172103155955,0.11318297650771497,-0.07376005053432066,0.9556175984013462
"85,CA",2013,0.9638814251660053,0.06683516475304914,0.1362584219489945,0.9888630095481754
"85,CA",2014,0.9630323040334692,0.06485502454094583,0.03148628129619895,0.9827976444004383
"85,CA",2015,0.9597083805581593,0.0658928281399972,0.14995833480493623,0.9891665859398565
"85,CA",2016,0.9619891442504469,0.06902311641896873,0.11083364981748814,0.986129636287232
"85,CA",2017,0.9462939290680571,0.08529757362824548,0.15934404235093977,0.9812518097984984
"85,CA",2018,0.8851323349852873,0.11991414092673487,0.1777624128266179,0.9530390731214505
"85,CA",2019,0.9510163349679731,0.06454399219808325,0.1306909490688714,0.9888198727254498
"85,CA",2020,0.960556059868183,0.06793351907843867,0.12734142269421492,0.9925882376028258
"85,CO",2012,0.8265379489463676,0.1426354351324224,0.3574695806523553,0.9944111558918804
"85,CO",2013,0.7531515464711244,0.15694724480380584,0.38387494952155227,0.9213915805103697
"85,CO",2014,0.9197149111309291,0.08933257798217215,0.21471186217835614,0.9735028676704399
"85,CO",2015,0.7198290882302159,0.177039792647813,0.4498906559600475,0.9327884739947392
"85,CO",2016,0.9819592167301653,0.043536886994003425,0.08692829243664818,0.9941187218597081
"85,CO",2017,0.9291433042702095,0.0866742821594209,0.20615918772328212,0.99097204333496
"85,CO",2018,0.8875485293795525,0.10505836840728965,0.2361527367966382,0.9641748606626837
"85,CO",2019,0.9271094890609015,0.08919147279951127,0.17749215445613342,0.9718334876864776
"85,CO",2020,0.877839284773979,0.10852282836485239,0.19200137936847808,0.9453692060981302
"85,CT",2012,0.8601331115001429,0.09978462453593318,-0.22047646472674842,0.9903682749389833
"85,CT",2013,0.9712739298033622,0.05241457121188697,0.09854829068508925,0.9891266183803724
"85,CT",2014,0.9606894173528269,0.06453090013998422,0.10456655191825602,0.9869232253816582
"85,CT",2015,0.9189071551461606,0.07517028946229976,0.12518219647837014,0.9623892714754613
"85,CT",2016,0.9383609985579546,0.07947890332697388,-0.14470070481087285,0.9895961757633966
"85,CT",2017,0.9339644548475265,0.08075838655415322,0.18992818209340392,0.9830721039813137
"85,CT",2018,0.982127832315494,0.04037750542606605,0.09657446462294776,0.994602997012065
"85,CT",2019,0.9756897904453617,0.046061652060615,0.11411703146889446,0.9943860997703421
"85,CT",2020,0.7497688875410387,0.14934107420854154,-0.30700644075020944,0.9342761760840536
"85,DC",2012,0.9502423977052354,0.06449024128924219,-0.136841839584645,0.9904749144292337
"85,DC",2013,0.9741854569247222,0.04949994649562533,0.02528589567953053,0.988959928590901
"85,DC",2014,0.9694503381005709,0.05809737490103344,-0.059803593833214826,0.9863669788263311
"85,DC",2015,0.9510502974026823,0.06991587210109114,0.16236935729059496,0.9949388938879797
"85,DC",2016,0.8808809866928836,0.10780233361291928,0.14862525317644085,0.9452411156004253
"85,DC",2017,0.9850761396222883,0.03960300339327775,0.04755901586562214,0.9931748273292853
"85,DC",2018,0.9897575788765443,0.033545396664815784,0.07719304790449648,0.9969434748847475
"85,DC",2019,0.9696030789457766,0.061098905805909196,0.04414602690033318,0.9851894464949265
"85,DC",2020,0.9730166777867961,0.05254578670840293,-0.10173144768573059,0.9928288988653906
"85,DE",2012,0.8931838323356229,0.0916536594182888,-0.26968953157811926,0.9798701655693787
"85,DE",2013,0.9653216046357921,0.0638856783816342,-0.0737809965028013,0.9844351479980307
"85,DE",2014,0.9669883794634657,0.06299440212980009,0.13467645448940752,0.9909097602855627
"85,DE",2015,0.975104329897581,0.04980629677796397,0.08669620558089153,0.9920809282444945
"85,DE",2016,0.9618223393719404,0.06650260570488908,0.0361086702545828,0.9811051626856808
"85,DE",2017,0.9851682061913799,0.039458366403951665,0.04277558966086182,0.993923067222602
"85,DE",2018,0.9877521164806321,0.03507637300666132,0.04767548606233678,0.9943137768761505
"85,DE",2019,0.9483401456999498,0.08160177998828909,-0.04086646245543996,0.9816701226429543
"85,DE",2020,0.9292067859983926,0.08131975104964295,-0.18887424040592685,0.9877330414222847
"85,FL",2012,0.9761668178986168,0.04547951516710199,-0.042227755618891354,0.9886392427908877
"85,FL",2013,0.9825044064573604,0.051330770765966496,0.03770619419975826,0.9918882682004294
"85,FL",2014,0.9626861366611303,0.06265706885915609,-0.1486732964004905,0.994821334500606
"85,FL",2015,0.9548692658323233,0.06612100736836332,-0.08341857536306016,0.9909519675740405
"85,FL",2016,0.8063073712726716,0.14572698318582314,-0.14248194101730519,0.9786010568194071
"85,FL",2017,0.9455764867005959,0.07758662182968763,-0.1356485449565874,0.9932089212388648
"85,FL",2018,0.9784911084278075,0.04817248171016806,0.03872555572890473,0.9898274049525457
"85,FL",2019,0.9597070712078354,0.07787855254177331,-0.11797748952999189,0.9943174277064698
"85,FL",2020,0.9461513326100391,0.07425704111803098,-0.09365573763514595,0.9914667839941504
"85,GA",2012,0.9719002842039565,0.05539767797506342,-0.03306529164319649,0.9905861920603682
"85,GA",2013,0.9707229598217149,0.060268037364765006,-0.07124096225750269,0.9883007344762819
"85,GA",2014,0.9568216746585242,0.07083050354156521,-0.07366037248200381,0.9880335667195443
"85,GA",2015,0.9583411439906963,0.07224885389549111,0.011784414002464383,0.9820394970213306
"85,GA",2016,0.9034097219954973,0.10818248393268177,-0.13357823272639807,0.9869188724841891
"85,GA",2017,0.9712568029955317,0.060086476173126596,-0.11793354086154906,0.9969868338170587
"85,GA",2018,0.9814751770031669,0.03969383941961381,-0.054812718129935364,0.9940655032399494
"85,GA",2019,0.9144994589783774,0.10509436753136475,-0.19800640150321144,0.9898919457361942
"85,GA",2020,0.8637427840942002,0.11298293971739122,-0.3203043777345898,0.9933082537904674
"85,IA",2012,0.9694284013591653,0.06092929634781494,0.08125092759232305,0.9857185197548985
"85,IA",2013,0.9514159547797677,0.07248628642716069,0.17092385110083788,0.9859730811631451
"85,IA",2014,0.9822904328504894,0.04324053165373748,0.0046911389431095315,0.9911146702533105
"85,IA",2015,0.8709336056096912,0.12926494857282297,0.25800236355917505,0.9640579325282705
"85,IA",2016,0.9569599765696029,0.06963746687093059,0.08452217300186893,0.9824133512452844
"85,IA",2017,0.9745274344008907,0.05185101840075195,0.031785458181463014,0.9880598457949199
"85,IA",2018,0.9932188383084202,0.02304926251585276,0.05964735759894438,0.9980663372463667
"85,IA",2019,0.9726053461542306,0.048569818423360216,-0.08611689443717606,0.9898655103798234
"85,IA",2020,0.8697020801321829,0.1157769262670619,-0.2590741485725119,0.973448465767895
"85,ID",2012,0.6338583832769185,0.17906445106042956,0.5622837264502123,0.9449898524500464
"85,ID",2013,0.8911182464866502,0.09535470507611934,0.3230117337748162,0.9876947093196008
"85,ID",2014,0.847870382711812,0.11914613714278477,0.3070268531137113,0.944933400942315
"85,ID",2015,0.822587439774715,0.11549028386689279,0.27731188205159013,0.9221471208079352
"85,ID",2016,0.7425674022774125,0.16027950002332927,0.4800179442011841,0.9846465409083103
"85,ID",2017,0.7895957223793697,0.13042510070091565,0.42629346137611057,0.9836242467448917
"85,ID",2018,0.9066411028353288,0.09812951828077025,0.26180662432129814,0.9889625976015899
"85,ID",2019,0.94875544749004,0.05748707903794829,0.1563281476549523,0.9796256439814879
"85,ID",2020,0.9670189291480747,0.049373447269886926,-0.011556176295906382,0.9845298253954421
"85,IL",2012,0.9787147590331992,0.04575373842281885,0.08566785025759902,0.9915352173292753
"85,IL",2013,0.9771622673867113,0.047958991568091254,0.02810770749218489,0.9887744545078763
"85,IL",2014,0.9678878002114017,0.061809571932381714,-0.12280817368421014,0.9916999940116679
"85,IL",2015,0.9796951649701717,0.04827184465290997,0.008580636304594267,0.9900076996039041
"85,IL",2016,0.9560895323746941,0.07197030078733864,-0.11918087848699993,0.9899802009449428
"85,IL",2017,0.9868400575432804,0.034852460975830515,0.07380448665262053,0.9956596761036326
"85,IL",2018,0.9861759383162962,0.03430998543828842,-0.04044682312580824,0.9954305968968985
"85,IL",2019,0.9523370557074549,0.06688155651078312,-0.15432325822592335,0.9945687395977927
"85,IL",2020,0.8964963568200622,0.10564528288638407,-0.2687653583448985,0.9793310153569657
"85,IN",2012,0.9285604100009256,0.08082005019524538,-0.1479182401085557,0.9856496610423267
"85,IN",2013,0.9591633263060522,0.06517595969825808,-0.09697427239458699,0.9857303128090171
"85,IN",2014,0.9798656844106155,0.05011526297127912,0.05198174747664343,0.9904621134230417
"85,IN",2015,0.9713087795109786,0.05393913533714797,0.01748069641271147,0.9873085443696565
"85,IN",2016,0.3809723310766977,0.2442643992220604,-0.6421598419862705,0.9417529494882192
"85,IN",2017,0.968564062125675,0.05672530739267029,-0.04377950478698854,0.9899029686478674
"85,IN",2018,0.9820738885334206,0.04061945154159351,-0.07268233053237598,0.9968574208961318
"85,IN",2019,0.9568348832611759,0.06656545034830523,-0.1379141442256676,0.9904596094564887
"85,IN",2020,0.8800210718353035,0.1100022587469702,-0.2538617459582467,0.9828971825865225
"85,KS",2012,0.981821075197695,0.04395667694031759,0.09288979645005419,0.9936402257102297
"85,KS",2013,0.9171609576621523,0.09558716459753122,-0.09398011715746765,0.9612196036350212
"85,KS",2014,0.9928068100548453,0.02613648004875101,-0.012021699187211354,0.9968585813735611
"85,KS",2015,0.9010621477105905,0.11309774413434938,0.19143436453082313,0.9793624723953023
"85,KS",2016,0.9683007796224461,0.06172692933236933,-0.07695915588922905,0.9898620983115187
"85,KS",2017,0.9652090665219535,0.06526801852365684,-0.06860736150955236,0.983922804088156
"85,KS",2018,0.9868562223153898,0.03578419058032508,0.035530348291038225,0.9943325526335738
"85,KS",2019,0.9816519128430309,0.04466050805681536,-0.07760401207082829,0.9948434574897111
"85,KS",2020,0.9816627987135587,0.04486071090304955,0.04040403092769709,0.9936932330194541
"85,KY",2012,0.9563479713188894,0.06024538233293773,-0.1744869777712224,0.9899380724555825
"85,KY",2013,0.8820242757608004,0.11140119477579624,-0.2804594833196351,0.9662337149238244
"85,KY",2014,0.9693419908658426,0.05778700098759514,-0.051252495046447605,0.9877266952848732
"85,KY",2015,0.9758490594106505,0.05255654030731071,0.03478157379001934,0.9895834821293994
"85,KY",2016,0.9494710234322096,0.07203918521867271,-0.1541030720360872,0.9873898619258488
"85,KY",2017,0.9755351230049589,0.054341843403256,-0.10216254980674595,0.9935272710834154
"85,KY",2018,0.9913373362931568,0.028216619384184155,0.0412265151208549,0.9966272591782622
"85,KY",2019,0.9308185018867627,0.08667587821383585,-0.19068623908468443,0.9905114568841411
"85,KY",2020,0.8812822031551394,0.1112125296497149,-0.2816642837247488,0.9845212497498105
"85,LA",2012,0.9831971613772951,0.03904603343909496,-0.053450049374410245,0.9924469880549817
"85,LA",2013,0.9819773156966123,0.04772609999908427,0.08260256314851123,0.9961196064856064
"85,LA",2014,0.9824397566142797,0.04739440314056654,0.027861823608608068,0.9915170065572166
"85,LA",2015,0.9881895208658871,0.034743202546412666,0.0066294647969457245,0.9941280345955382
"85,LA",2016,0.8804431138567359,0.11674615012637922,-0.08586220084474375,0.9615790160001757
"85,LA",2017,0.9797190370007757,0.04410147818607331,-0.08384203839784836,0.9933021945509029
"85,LA",2018,0.9809717819923169,0.043173735064875964,-0.0750212644126882,0.9962806760424331
"85,LA",2019,0.911194696666545,0.09837919151593454,-0.13028178418706393,0.9768528053038736
"85,LA",2020,0.9711704519855238,0.05433693304586776,-0.08981221348904116,0.992487056901197
"85,MA",2012,0.8248149463220078,0.10658411005262308,-0.3521432166843303,0.9929035774231284
"85,MA",2013,0.9546805740743451,0.06008791072503863,0.1356469210771984,0.9848619589399193
"85,MA",2014,0.9532048951212382,0.06790744611912038,0.05448637521286834,0.980956468633534
"85,MA",2015,0.8263853196642441,0.10070531152529832,0.03580044371160731,0.9461229341244277
"85,MA",2016,0.9022212370690654,0.09394987695780489,-0.2548876388341875,0.9892364794185827
"85,MA",2017,0.9385781861209878,0.07545819396468466,0.1373478033368494,0.9761263328385703
"85,MA",2018,0.910713659954564,0.09124886897280372,0.25904091771973375,0.9790262557635776
"85,MA",2019,0.9631183635642582,0.05566991777413503,0.08651922517348705,0.9834909832397617
"85,MA",2020,0.5965366450462793,0.18239075878042538,-0.3984571571741079,0.9152771931584197
"85,MD",2012,0.9604504439703943,0.05834467364378455,-0.12767275088456215,0.9925670783646887
"85,MD",2013,0.9888118824882169,0.03511696090788397,0.004016384975642663,0.9946495316955967
"85,MD",2014,0.9597603385507317,0.07188732528485658,0.11720524013240743,0.983697824626262
"85,MD",2015,0.9566529907470673,0.06502521903535308,0.10445008652057385,0.9895719426997116
"85,MD",2016,0.9837514923481793,0.0424048844514148,-0.025981509051274488,0.9925128559550668
"85,MD",2017,0.9894447516126128,0.03143817152820807,0.04866608770569817,0.9952802187972343
"85,MD",2018,0.975298330733211,0.05350817190426252,0.09195885498536346,0.989941407959121
"85,MD",2019,0.983821693238433,0.04624535392596798,0.0007132865447837851,0.9926645298192531
"85,MD",2020,0.9569970698097007,0.06410753571859254,-0.1638734145690203,0.9938901621220795
"85,ME",2012,0.6400820896563504,0.1428309072062208,0.285082256357711,0.8118170956761075
"85,ME",2013,0.6828987746915208,0.14298244186385928,0.3731839887037468,0.8654861428671399
"85,ME",2014,0.6501077445382046,0.177627341614406,0.5225362536825017,0.9520055542157165
"85,ME",2015,0.22202778672869827,0.2053498474081571,-0.1966736800063461,0.8753874022220416
"85,ME",2016,0.9153248439443404,0.08203905837350978,-0.14430357467779573,0.9838476196046141
"85,ME",2017,0.6640351802965243,0.16561722132212406,0.48248383289610514,0.8986137450062243
"85,ME",2018,0.7479163126298844,0.14629511491402356,0.3946097252539438,0.8999746998922581
"85,ME",2019,0.38936054288863853,0.18213566306305692,0.6270736520162236,0.7457896793651817
"85,ME",2020,0.49545222013924184,0.18159153964737434,-0.494190203197918,0.9053531554337461
"85,MI",2012,0.9525514546745036,0.05864702254939578,-0.07446725423602503,0.989766588147027
"85,MI",2013,0.873310473591594,0.09554337821632747,0.19741062978988946,0.9406549417920504
"85,MI",2014,0.9772548886853168,0.04490538236779135,-0.07589351444314849,0.9905652862563632
"85,MI",2015,0.9434536039960174,0.06455475204990499,0.21592760795873253,0.9868205434586906
"85,MI",2016,0.8444980125199489,0.11841035264520265,-0.31018130868668353,0.979561304223387
"85,MI",2017,0.9155563335988006,0.07710298248463587,-0.2402790092953429,0.9779304084110622
"85,MI",2018,0.9165287250444982,0.08412550346330566,-0.24142940505839883,0.9890552824620342
"85,MI",2019,0.9777987591903669,0.04119863217278374,-0.010651518343939119,0.9894195652797106
"85,MI",2020,0.8113306514057114,0.13067262711805044,-0.42823056496345796,0.9818745385211552
"85,MN",2012,0.8833206878850384,0.10190491007230118,0.33043581217129603,0.9838813853599732
"85,MN",2013,0.9435326308469779,0.06826410124109696,0.11252373975325168,0.9733680550572998
"85,MN",2014,0.9482991480376771,0.06550369701741883,0.012569191482898506,0.9750717547517952
"85,MN",2015,0.9715921203533066,0.05267045023885649,0.07841152146965413,0.9881935828486783
"85,MN",2016,0.9009713772198269,0.1014672530563711,-0.02992159411368081,0.9546860208063861
"85,MN",2017,0.9834431217095856,0.03856226551356761,-0.0675201137968713,0.9944160292954174
"85,MN",2018,0.8713916964154675,0.10740888481559994,0.3177064870378248,0.9773053575448964
"85,MN",2019,0.5374118915645532,0.1688807091132386,-0.4982107972740457,0.9672206840708103
"85,MN",2020,0.8862926888913454,0.11157779916267947,0.15766024777820187,0.9491323801488285
"85,MO",2012,0.9886772610489859,0.03477787023301291,0.06875852865650266,0.9951506309269564
"85,MO",2013,0.9682151277560126,0.059411226898792656,0.08525980876383134,0.989161113968953
"85,MO",2014,0.9750637686417448,0.04978695505151625,-0.0792365689393008,0.995534803942902
"85,MO",2015,0.925522685514371,0.09727771838260693,0.13736610124073226,0.9780238831316516
"85,MO",2016,0.9774642422491127,0.054416293733509445,-0.07326037969538804,0.9953346525092135
"85,MO",2017,0.9732802643746998,0.06077555585676299,0.0014821526415059736,0.9898361665115498
"85,MO",2018,0.9849180101720921,0.037912290642023505,-0.0026488609579494752,0.9924626149974878
"85,MO",2019,0.9742409482516861,0.056157946447947756,-0.0928270918369743,0.9927641484602338
"85,MO",2020,0.9456408776197,0.08380527194911973,-0.15079865272140033,0.9946175222963358
"85,MS",2012,0.9757401169249024,0.049169693285617,-0.08400833899913632,0.9920706941169759
"85,MS",2013,0.9835268430842348,0.04609216747477669,-0.048791705124075796,0.9925680679147587
"85,MS",2014,0.9639940709875228,0.0648746580851596,-0.036086338725042,0.98593543099206
"85,MS",2015,0.9290380159038332,0.1012965830135907,-0.10907480312948453,0.9814346153816739
"85,MS",2016,0.9545427594222731,0.07015427221288652,-0.11052434482053898,0.9902857206133715
"85,MS",2017,0.9733273705591027,0.05076884458837093,-0.0900640028160155,0.9912435889309994
"85,MS",2018,0.9614282121065517,0.05912735701373119,-0.10603462557415075,0.9936405702611426
"85,MS",2019,0.893430034367066,0.10875993472080571,-0.0952730187165174,0.9766062140430285
"85,MS",2020,0.9511775115733418,0.07603648458832525,-0.1213994604083121,0.9929453083776941
"85,MT",2012,0.35146718391877607,0.20806675043812586,-0.3995068557233513,0.9509732381285536
"85,MT",2013,0.6454472061713397,0.13344488332993948,0.5075774818153884,0.9004967804141728
"85,MT",2014,0.652888577025563,0.1411035818478071,0.4971076828602201,0.8696137864479684
"85,MT",2015,0.5756485115991065,0.14805344564796077,0.552739844736206,0.8313676330980599
"85,MT",2016,0.798502954282978,0.13386107446455908,0.4122637949062105,0.9456655726649357
"85,MT",2017,0.47759311090121725,0.1624411152146884,0.6909888774342892,0.9500288239185143
"85,MT",2018,0.5065541179618409,0.19893819011521063,0.6385579127089623,0.8662703039102441
"85,MT",2019,0.8376331244239218,0.08326836889623751,0.20703853700172128,0.9444615675503578
"85,MT",2020,0.9857123357733677,0.02650014136737493,0.022538005910901576,0.9929481269457809
"85,NC",2012,0.940025073004389,0.07586048304880436,-0.11743456206451379,0.9846164810845636
"85,NC",2013,0.9761774043359852,0.05794122567307023,-0.035722859342310884,0.9888113880178954
"85,NC",2014,0.9336615961386324,0.08604257691658322,-0.2214967160652024,0.9900940037890003
"85,NC",2015,0.9795195236288243,0.046825745622817584,0.030837425623633806,0.9905190927816331
"85,NC",2016,0.9737086401416127,0.05241810479384421,0.06912565262438498,0.9898401352370384
"85,NC",2017,0.9831942155047182,0.046807792301061094,-0.06652206240747963,0.9937284181484574
"85,NC",2018,0.981753162415571,0.041451800475108845,-0.031748458901512316,0.9926619559494874
"85,NC",2019,0.9798663185283121,0.048280380908192665,-0.014990150617567739,0.9900930605218788
"85,NC",2020,0.9429134548379592,0.07792651853702465,-0.1990828189919605,0.9892151133363971
"85,ND",2012,0.0,0.8702376135751995,-2.594808780707189,0.678747188641741
"85,ND",2013,0.8467705442688903,0.09233591068124317,0.038190934192677176,0.9205833709601053
"85,ND",2014,0.958364756089907,0.051511845859159695,0.08536730006527571,0.9802280078452289
"85,ND",2015,0.9145413836569282,0.07508528182162243,-0.1915489945227742,0.9787467830621611
"85,ND",2016,0.762529103852421,0.13109694489183604,0.13578298934550098,0.8763072489214416
"85,ND",2017,0.8501793866522891,0.10879451263421858,0.0233238626049785,0.9226799846746488
"85,ND",2018,0.8087835560359694,0.1190369557130944,0.03211804901055481,0.9099608101382748
"85,ND",2019,0.7870092665636116,0.09332879113743807,0.1876808586300349,0.890738830347788
"85,ND",2020,0.9616932263978001,0.05354786168487561,-0.14029800821967492,0.9839351225189511
"85,NE",2012,0.976709543174811,0.049655727024193456,0.11716388742108674,0.9916264217990147
"85,NE",2013,0.9652715458257946,0.0583768115827181,0.15228459320505686,0.993420571247152
"85,NE",2014,0.9814607335051716,0.04328037959236776,0.07178610715196138,0.9920147419153975
"85,NE",2015,0.8586087307329211,0.13118017263874576,0.3281228768991727,0.9866348055275903
"85,NE",2016,0.9080122870952714,0.10871778712383494,0.0839283758647447,0.9577413571355347
"85,NE",2017,0.9570061904863609,0.07001243891078636,0.028165481952227102,0.9789816255202882
"85,NE",2018,0.9843327252153252,0.03750253947553522,0.0367042244285013,0.9924631892539708
"85,NE",2019,0.9736060697218616,0.049586549115776285,-0.09463571252483813,0.9951616672681984
"85,NE",2020,0.9665016771261611,0.06390721298040654,-0.0248603940895022,0.9871538604203038
"85,NH",2012,0.8586360862351144,0.08646004673314095,0.055632306339196864,0.930026469600334
"85,NH",2013,0.8543016167304095,0.09538974259048454,-0.18563903666808865,0.9584574997029013
"85,NH",2014,0.9276969547233296,0.08398454977248397,0.22605265534667807,0.989177829704985
"85,NH",2015,0.3304803108898916,0.17335022877090997,-0.24315033124664048,0.9030485017101968
"85,NH",2016,0.9598478261977443,0.05855725591438108,-0.1417264311936485,0.9939114494966871
"85,NH",2017,0.8537148128997454,0.10437960243797843,0.2999017302394937,0.9522059938850214
"85,NH",2018,0.8608550458872882,0.10264401515823807,0.31127283818020773,0.9567753946273402
"85,NH",2019,0.6398310999753682,0.16290011850171598,0.5179524232105376,0.9039903901597368
"85,NH",2020,0.2391927324270322,0.2455608297584272,-0.6908417724997516,0.9562356051486082
"85,NJ",2012,0.7779891942766641,0.12945391542370682,-0.3864146832039826,0.9807969554787914
"85,NJ",2013,0.9494698399629223,0.06806617547692571,-0.013139894362459515,0.9755891866956077
"85,NJ",2014,0.9824601999841813,0.04580958037751883,0.06907535525412185,0.9930052250976735
"85,NJ",2015,0.9556478747733511,0.061185357477392295,0.01708464338345723,0.9785546293364421
"85,NJ",2016,0.9681784163281861,0.06088477380735213,-0.09777372740806926,0.9910631437053055
"85,NJ",2017,0.9915274688846213,0.030013286287429906,-0.02114668571436503,0.9959029242702633
"85,NJ",2018,0.9837304446270454,0.039523116727406125,-0.012354176913849213,0.9921200701653656
"85,NJ",2019,0.9730754064983714,0.05396778162013124,0.09898245678757824,0.991455820350001
"85,NJ",2020,0.9146069108675549,0.08794390339955006,-0.25992800596949345,0.9812873341064674
"85,NM",2012,0.5231612531335922,0.21891079691347187,0.5979250560191237,0.9476037977900956
"85,NM",2013,0.8983811379082826,0.09671541138503409,0.19023627378029204,0.9747661814503475
"85,NM",2014,0.7597081043934593,0.1531171041120381,0.42469230843867484,0.9372391136176046
"85,NM",2015,0.6016494830348303,0.1750883565153756,0.5589724678315559,0.9108097244203696
"85,NM",2016,0.687541900511047,0.1612105670428432,0.46426907252047767,0.9010888175339083
"85,NM",2017,0.7494195609259703,0.16096261883229002,0.4207646942999808,0.9400983799773173
"85,NM",2018,0.800549055864476,0.13994462592507373,0.3854754155066703,0.9552124628013551
"85,NM",2019,0.9624278554697481,0.06693188865170217,0.15511785176764908,0.9959864667613141
"85,NM",2020,0.5780402954761056,0.180133273397836,0.4940090116790136,0.8300086722964418
"85,NV",2012,0.3236123745869385,0.1910785376639031,0.20680334342043435,0.7091710691664335
"85,NV",2013,0.401235903694277,0.2204772954387609,0.7075816471776974,0.8048623641149255
"85,NV",2014,0.4284963816700391,0.19657819011559535,0.6677705742734698,0.9138259944562506
"85,NV",2015,0.32673035621219804,0.20999407886562438,-0.6033279153443486,0.9548316705359248
"85,NV",2016,0.291069616709978,0.23697592798264747,0.7634157563770023,0.9335429321698353
"85,NV",2017,0.8479892159798191,0.08125517801442293,0.4160056821600313,0.9860248931930512
"85,NV",2018,0.0,0.27376865139611195,-0.8988615966859473,0.9676064762427551
"85,NV",2019,0.9234417647229447,0.06724203764853165,-0.046459550145413996,0.9770753666121769
"85,NV",2020,0.2758328331361404,0.21369267083842078,0.6025527928498917,0.5926965724292522
"85,NY",2012,0.9162968396378097,0.07380155635460943,-0.18724631235975153,0.9879846244669064
"85,NY",2013,0.9746405011109861,0.04368063945094456,0.0021368397840949753,0.9880020092873621
"85,NY",2014,0.9373215742370087,0.0789953881624873,0.1850746316749651,0.989786485406074
"85,NY",2015,0.925464323072144,0.06984414445539941,-0.09125427378605662,0.9841115933651512
"85,NY",2016,0.8908723247105921,0.10096766413524415,-0.30508525791693014,0.985049536764522
"85,NY",2017,0.96444015743888,0.05635207883159751,0.0010996086276030056,0.9820935756743829
"85,NY",2018,0.9838580422068995,0.0378268141972715,0.07541985471218489,0.9941321051435179
"85,NY",2019,0.9196069286185882,0.08104573719950907,0.16461265887479995,0.9649494825926677
"85,NY",2020,0.7965194627455353,0.12486472261101556,-0.4519461662084433,0.9577350647449367
"85,OH",2012,0.9558503792598269,0.05761662708800804,-0.07800718363943021,0.9842208248922262
"85,OH",2013,0.9648516904973172,0.060553326402600825,0.12749654947353803,0.9878104062963552
"85,OH",2014,0.9678932962529962,0.0603107604842114,0.07790034204454309,0.9855457515749296
"85,OH",2015,0.907715159134117,0.10540473698572292,-0.003610398135130524,0.9535995885319359
"85,OH",2016,0.4674222911164887,0.24313020286280865,-0.5992681207925487,0.9577515714389382
"85,OH",2017,0.9716878273730125,0.051610799781981416,0.06432318677479239,0.9875924586613722
"85,OH",2018,0.9874994184574309,0.03235733703563316,-0.028464436417603538,0.9947948798774656
"85,OH",2019,0.9771081783765271,0.04988324151544972,0.03669400220481579,0.9892145507698696
"85,OH",2020,0.9554041838878798,0.06200690530757604,-0.13664829752842775,0.9902311171997553
"85,OK",2012,0.9826992894403171,0.04756772662142083,0.09082493605747372,0.9943919047739191
"85,OK",2013,0.9896962206941842,0.037902751232583826,0.039373271615799905,0.9953093023465437
"85,OK",2014,0.9213586708995064,0.10059639638782022,-0.11313050871498348,0.970104325896944
"85,OK",2015,0.9730990639340571,0.06325270169199555,0.11549004629611132,0.9920449300928318
"85,OK",2016,0.9751148420816158,0.05264718184886917,0.046447031000313235,0.9880540071386823
"85,OK",2017,0.9591499538460228,0.0806193491342617,0.055129415330505,0.980666275283621
"85,OK",2018,0.9920298848597688,0.030581952728089504,0.020031318226544043,0.996150765798742
"85,OK",2019,0.9824984290260037,0.05121445444910013,-0.01225517302936182,0.9913870028458225
"85,OK",2020,0.9201906166707011,0.09526499287418276,-0.22291082074389093,0.9892165375888553
"85,OR",2012,0.48910981399209785,0.15188656504675724,0.6459003600565946,0.9261829805448496
"85,OR",2013,0.5412508887035493,0.2034031182618909,0.6368227531701023,0.9577106909905289
"85,OR",2014,0.4605484294938542,0.1940785489499321,0.693483543785159,0.9807150140847565
"85,OR",2015,0.0302975337890784,0.2808054528898108,0.8704053613252583,0.7062769001304683
"85,OR",2016,0.36711963187224694,0.20869100935518686,0.7099068505353529,0.9883412342110137
"85,OR",2017,0.5571433016610436,0.198498196466385,0.39629071757384304,0.777628913214299
"85,OR",2018,0.8545633212478667,0.10149999411081728,0.3089994313423129,0.9641163235360526
"85,OR",2019,0.27874112533509454,0.2373599700344566,0.7232411692679823,0.7900473718922171
"85,OR",2020,0.8395407960843835,0.11313641197363775,0.2099360953254301,0.9478061939373457
"85,PA",2012,0.8655239270771882,0.10487146960019969,-0.22873192446836613,0.9760881942949367
"85,PA",2013,0.9818694979097148,0.04079208280555706,-0.02200710528020115,0.9917022142768105
"85,PA",2014,0.9750427863619731,0.05349387480945318,0.12051855314058282,0.9938096759130112
"85,PA",2015,0.9514738091710391,0.06778744150791587,0.00019734244207608687,0.9754898491673892
"85,PA",2016,0.9394056884222358,0.0809928331534734,-0.15249247999147872,0.9872751036917075
"85,PA",2017,0.9905572116334429,0.031174841037604487,0.02201952105891327,0.9953871695883383
"85,PA",2018,0.9798125166992283,0.042855804719091485,0.07283954132576666,0.9938891883491514
"85,PA",2019,0.9022829065570162,0.10871400812626887,0.22603829062106054,0.967211697074985
"85,PA",2020,0.9130128148210229,0.08583123939820399,-0.25767086599628086,0.9809081056336864
"85,RI",2012,0.7615768828611391,0.12861641824095182,-0.4189552818717462,0.9908442872019532
"85,RI",2013,0.9880677370604788,0.0326179657571658,0.01457079462616008,0.9942889283387533
"85,RI",2014,0.9642854537738775,0.06366177204760173,0.10138211981474105,0.9875210165407939
"85,RI",2015,0.925567296963064,0.06990592001229001,0.0030022673222593666,0.9695828183655852
"85,RI",2016,0.972020245888124,0.0561804827908819,-0.11425697737656262,0.9953203473382757
"85,RI",2017,0.9463079116862498,0.07563257573922612,0.13775404964146987,0.9799257611228235
"85,RI",2018,0.9606982134549082,0.058462285944758094,0.15335438567029408,0.9918992020222975
"85,RI",2019,0.9703092501647772,0.05134068577959221,0.0957653080930481,0.9897787213239435
"85,RI",2020,0.6586157381741666,0.1717679320388316,-0.3234331412171755,0.9190640664262363
"85,SC",2012,0.9549838760299816,0.06993580370141995,0.15547461580087354,0.9885973527345737
"85,SC",2013,0.9560814268910303,0.08270599221371606,0.04217046927702701,0.980832325339442
"85,SC",2014,0.889815947062996,0.1172438200336584,-0.20184452544691187,0.9895622093921317
"85,SC",2015,0.9825448818918031,0.05122061264692214,-0.015851847519032902,0.991324403838412
"85,SC",2016,0.9612616261333892,0.0641401736972998,-0.08734724545348135,0.9913318094015943
"85,SC",2017,0.952692137046979,0.08025074306556607,-0.10799292426543376,0.994594026278585
"85,SC",2018,0.9520619959553657,0.08287426687657665,-0.13855229819078854,0.9839871384348637
"85,SC",2019,0.9822033006616627,0.05399903552926858,0.013957571258430473,0.9920604282543083
"85,SC",2020,0.9464088390054228,0.07201252707668089,-0.1255985197281497,0.9891038793596343
"85,SD",2012,0.9316596030433155,0.08502392196432197,0.18556770295968844,0.985709379720323
"85,SD",2013,0.9364615538161596,0.07738007262883864,0.22970114433081212,0.9900416782135405
"85,SD",2014,0.9843390471294087,0.039383308909706975,-0.013033755768023559,0.9926753802757861
"85,SD",2015,0.9319345452969536,0.08818898734094385,-0.09988889100017921,0.9729069311639952
"85,SD",2016,0.9819704564197842,0.04284467864175591,0.12189779601627936,0.9959865213687588
"85,SD",2017,0.8770320759471459,0.1156080717484507,0.25713508164526194,0.95654211711516
"85,SD",2018,0.9349924978264779,0.0786959082747427,0.18637362970801669,0.9897524339882529
"85,SD",2019,0.8030460768994336,0.10856427885958161,-0.2912122693092386,0.9598635024735152
"85,SD",2020,0.9698004655110551,0.05458986372349644,-0.04911931965429825,0.9869657922648589
"85,TN",2012,0.9752089796255363,0.055503252202930294,-0.09847527128703717,0.9919001913219248
"85,TN",2013,0.979446229098974,0.05028325178109723,-0.06568725353692537,0.9908449369497331
"85,TN",2014,0.9543443098186227,0.07838749664335634,-0.12282539598797632,0.9918956108057501
"85,TN",2015,0.9765950758331041,0.05875352191365902,0.04941156937829932,0.9894665610546133
"85,TN",2016,0.9131516499549329,0.09697884681477087,-0.1422761379800714,0.9872155070638695
"85,TN",2017,0.9537021421555765,0.07869267480655619,-0.1603261322632099,0.99108801404972
"85,TN",2018,0.9816026753795758,0.04233675258271246,-0.059150932464867224,0.9923750683521095
"85,TN",2019,0.9107538823202767,0.1008400708636205,-0.23597623214521246,0.9869820210120187
"85,TN",2020,0.911012307228114,0.11026528525030192,-0.18906882995636137,0.9887372669017871
"85,TX",2012,0.946606534601238,0.0903243483554446,0.12786511029673778,0.9883634627883853
"85,TX",2013,0.9652513484385836,0.0662412929767665,0.07930015884305966,0.9866561145162667
"85,TX",2014,0.9590407908021373,0.06482758756706315,0.09827444999543256,0.9844621901917114
"85,TX",2015,0.9595930068682279,0.07369964483810953,0.12108216308622362,0.9884850256716634
"85,TX",2016,0.9518813430378364,0.07535593785952098,0.09174427932375973,0.9823409201909943
"85,TX",2017,0.9476649257065985,0.08521434335648087,0.09423125212216517,0.9780244836467287
"85,TX",2018,0.9509034305291699,0.08545715707490327,-0.09659210379647243,0.9788618825337697
"85,TX",2019,0.9651766386737898,0.06699073643427347,0.07976997250836336,0.9864009713345874
"85,TX",2020,0.9446403819429702,0.07354504462973643,-0.09424363603284952,0.9891526698110704
"85,UT",2012,0.7343783415073126,0.18366696768407118,0.45354052480430784,0.9697656469911382
"85,UT",2013,0.940021504298017,0.07639896400492995,0.22255297194256948,0.992527259161314
"85,UT",2014,0.8022993685678835,0.14696178603089802,0.34938650952021105,0.9402409007009971
"85,UT",2015,0.8064157591639451,0.13042325942766245,0.37786102010709716,0.9611366675958356
"85,UT",2016,0.6914291411168791,0.17535562097375815,0.4959088049869871,0.9626175254032794
"85,UT",2017,0.9660087615485321,0.05750702833294242,0.14460875398176085,0.9923060317621502
"85,UT",2018,0.9007517944289553,0.10214746986402215,0.23566812693962869,0.9739505611632178
"85,UT",2019,0.9610166361675266,0.057027127614432814,0.004344698405118787,0.9808473310029325
"85,UT",2020,0.9642831748251086,0.055601795107482414,0.08875801944143906,0.9864690479468132
"85,VA",2012,0.9678008693700118,0.05304713570430775,-0.034924853182860066,0.9903323472997076
"85,VA",2013,0.9594366051362054,0.0666897984365203,-0.050098751998998235,0.9800758988572152
"85,VA",2014,0.9849426093126922,0.04067673874020908,-0.040690176758393155,0.9937500714891079
"85,VA",2015,0.9715433221410757,0.05253193324053646,0.09720998188954853,0.9909075637265984
"85,VA",2016,0.8819760538070198,0.0997278199108921,0.13237200439264382,0.9492597891438952
"85,VA",2017,0.9701275740768819,0.05970867794654313,0.023407305063746307,0.9859616677612989
"85,VA",2018,0.9897067002822661,0.03258826661714003,0.04572443350561774,0.9953485079545797
"85,VA",2019,0.9750352191671331,0.05623791645112493,-0.0473448286014586,0.9911069141324752
"85,VA",2020,0.9383511249420898,0.08027946570831006,-0.20946521829868478,0.9914954574141458
"85,VT",2012,0.0,0.3616418582640764,-0.3622916507156979,0.6700516360260318
"85,VT",2013,0.0,0.33849832889819204,-1.2319775455099615,0.9869282935081576
"85,VT",2014,0.9144547396489014,0.08550684832872472,0.1547640157765189,0.9604066082535475
"85,VT",2015,0.0,0.4956436250218994,-1.266691037354998,0.9297056988817133
"85,VT",2016,0.928844691429365,0.07598922552896495,-0.12145479593246106,0.9884259779103909
"85,VT",2017,0.9404918591602164,0.06294578397422992,0.19116460052520928,0.9762953218373898
"85,VT",2018,0.9432864359363216,0.06303381635068556,0.11670159202089875,0.9728799367143268
"85,VT",2019,0.7266397134146405,0.1421371658559501,0.36760985062502555,0.8727189284859688
"85,VT",2020,0.8903077986640091,0.08897300118580301,0.14010891845521833,0.9460617796746742
"85,WA",2012,0.0,6.042604590583291,-23.40954882712191,0.9396863181986461
"85,WA",2013,0.0,0.5000218748353864,-2.0317453929765046,0.9443307598337316
"85,WA",2014,0.0,0.6642313920119765,-0.6009639593839072,0.6783074348095566
"85,WA",2015,0.0,1.6533204576609029,-6.482808297065739,0.28861444137671743
"85,WA",2016,0.0,0.34241837134034153,-0.691832125055427,0.9207511015266102
"85,WA",2017,0.0,0.2597197508328308,-0.3159920784300485,0.32364484883457983
"85,WA",2018,0.834656722953065,0.10528186507375843,0.1046619003892982,0.919203067216108
"85,WA",2019,0.24743302586910176,0.23781190117915496,0.6901160763447903,0.6564168778055064
"85,WA",2020,0.0,0.8155138895821434,-3.0161841076978804,0.9795271870583124
"85,WI",2012,0.9749991650032308,0.049547255273163796,-0.02202337775533672,0.9895394652321736
"85,WI",2013,0.9571116562575861,0.05743393175634445,0.15584639582015333,0.9817743766763877
"85,WI",2014,0.974316573686741,0.04863074634734354,-0.04536491430533373,0.9880295042957493
"85,WI",2015,0.9667623640769166,0.05855570243225111,0.0331677290664731,0.9839830220511064
"85,WI",2016,0.9125042625864067,0.09258464272650309,-0.15820523752776608,0.9703587217445309
"85,WI",2017,0.946126567866093,0.07066109388379546,-0.18001812824427105,0.9942157103973844
"85,WI",2018,0.9594550607250931,0.058355333264646585,-0.04228961287222616,0.9845709942488474
"85,WI",2019,0.8833100776532931,0.09110418373762486,-0.23024176248014686,0.9737632892791743
"85,WI",2020,0.9588427638860472,0.06814204163024651,-0.06444603504245602,0.9813952107559554
"85,WV",2012,0.8845547300868162,0.09671975188536708,-0.30218670899687805,0.9891819314092709
"85,WV",2013,0.9208469108489555,0.0843273723266581,-0.20141378203945579,0.977304735648905
"85,WV",2014,0.9586135462566389,0.0653919655396768,-0.07802432992607922,0.9892016713639987
"85,WV",2015,0.9595271860083842,0.06975513989201768,0.012497962328737344,0.9811007938195424
"85,WV",2016,0.9184677893422587,0.09463219728460914,-0.1507584121844366,0.9764904031810058
"85,WV",2017,0.9805752813190276,0.04345459656967373,-0.102026604338829,0.9936517691638364
"85,WV",2018,0.9847389218409983,0.03419902154879686,0.08243727412181352,0.9950302937464662
"85,WV",2019,0.8912660404464662,0.11059325067132668,-0.19657074180021222,0.9854370520000845
"85,WV",2020,0.9231133444753052,0.0816718711528258,-0.22206886849760088,0.9908987005426566
"85,WY",2012,0.4579939991241284,0.231383769679222,0.45253869368319377,0.7491589238731885
"85,WY",2013,0.4823257757171622,0.18807614248466342,0.6867090700042247,0.8957439769236701
"85,WY",2014,0.8067223982065264,0.11195260213829855,-0.26072076263529703,0.9441473769296332
"85,WY",2015,0.6764452773377447,0.169004593970615,0.4931441104827704,0.9007085414762839
"85,WY",2016,0.6942141389972858,0.1385226268966622,0.5450907210716179,0.9670198106936153
"85,WY",2017,0.46340688878174163,0.2238084234187466,0.601311810786857,0.7661434770565121
"85,WY",2018,0.7448035962849262,0.12824236913452905,0.3905568252564059,0.8981209934389305
"85,WY",2019,0.8046926529155314,0.1025994435105863,0.44740514613189486,0.958094630225532
"85,WY",2020,0.8220159569940348,0.09945929331986807,0.03713082329147266,0.9140929066606677
