City,State,Year,SeasonWidth,20%,40%,60%,80%
Avondale,Arizona,2011,165.5,-0.06646525679758308,0.08459214501510574,0.1148036253776435,
Avondale,Arizona,2012,165.5,0.006042296072507553,-0.0030211480362537764,0.01812688821752266,-0.00906344410876133
Avondale,Arizona,2013,165.5,-0.054380664652567974,0.6042296072507553,0.13897280966767372,0.13897280966767372
Avondale,Arizona,2014,165.5,-0.030211480362537766,-0.03625377643504532,-0.03625377643504532,-0.02416918429003021
Avondale,Arizona,2015,165.5,-0.01812688821752266,-0.006042296072507553,0.0,0.03625377643504532
Avondale,Arizona,2016,165.5,0.08459214501510574,0.07854984894259819,0.12084592145015106,
Avondale,Arizona,2017,165.5,-0.02416918429003021,-0.01812688821752266,0.04833836858006042,
Avondale,Arizona,2018,165.5,0.00906344410876133,0.012084592145015106,0.07250755287009064,0.07250755287009064
Avondale,Arizona,2019,165.5,-0.006042296072507553,0.08157099697885196,0.02416918429003021,0.7492447129909365
Avondale,Arizona,2020,165.5,-0.03625377643504532,0.04833836858006042,0.054380664652567974,
Butte,California,2011,115.6,-0.00865051903114187,-0.07785467128027682,-0.03460207612456748,-0.03460207612456748
Butte,California,2012,115.6,-0.051903114186851215,-0.00865051903114187,-0.03892733564013841,-0.00865051903114187
Butte,California,2013,115.6,-0.060553633217993084,-0.051903114186851215,0.09515570934256055,0.03460207612456748
Butte,California,2014,115.6,-0.06920415224913495,-0.03460207612456748,-0.051903114186851215,-0.025951557093425608
Butte,California,2015,115.6,-0.06920415224913495,-0.051903114186851215,-0.051903114186851215,0.09515570934256055
Butte,California,2016,115.6,0.06920415224913495,-0.025951557093425608,-0.060553633217993084,0.051903114186851215
Butte,California,2017,115.6,-0.03460207612456748,-0.03460207612456748,-0.00865051903114187,-0.01730103806228374
Butte,California,2018,115.6,-0.060553633217993084,-0.043252595155709346,-0.060553633217993084,-0.004325259515570935
Butte,California,2019,115.6,-0.00865051903114187,0.01730103806228374,0.025951557093425608,
Butte,California,2020,115.6,-0.06920415224913495,-0.10380622837370243,-0.06920415224913495,
Cameron,Texas,2011,214.7,-0.02328830926874709,-0.018630647414997672,-0.013972985561248255,
Cameron,Texas,2012,214.7,0.02328830926874709,0.013972985561248255,0.08383791336748952,
Cameron,Texas,2013,214.7,-0.018630647414997672,0.0,0.04191895668374476,
Cameron,Texas,2014,214.7,0.0,0.018630647414997672,0.1304145319049837,
Cameron,Texas,2015,214.7,-0.004657661853749418,0.0,0.07918025151374011,
Cameron,Texas,2016,214.7,0.1304145319049837,0.34000931532370754,0.05589194224499302,
Cameron,Texas,2017,214.7,-0.02328830926874709,0.256171401956218,0.2841173730787145,
Cameron,Texas,2018,214.7,0.0,0.037261294829995344,0.5076851420586865,
Cameron,Texas,2019,214.7,-0.02328830926874709,-0.002328830926874709,0.06986492780624128,
Cameron,Texas,2020,214.7,0.02794597112249651,0.5170004657661854,0.21425244527247322,
Collier,Florida,2011,276.6,0.0,-0.0036153289949385392,0.025307302964569775,-0.0036153289949385392
Collier,Florida,2012,276.6,0.005422993492407809,0.010845986984815618,0.0036153289949385392,0.025307302964569775
Collier,Florida,2013,276.6,0.018076644974692694,0.010845986984815618,-0.016268980477223426,0.012653651482284888
Collier,Florida,2014,276.6,-0.0036153289949385392,0.09038322487346348,0.021691973969631236,0.06869125090383224
Collier,Florida,2015,276.6,0.0,-0.005422993492407809,-0.0036153289949385392,0.03253796095444685
Collier,Florida,2016,276.6,0.021691973969631236,0.1012292118582791,0.12292118582791033,0.014461315979754157
Collier,Florida,2017,276.6,0.0,0.0,-0.010845986984815618,-0.012653651482284888
Collier,Florida,2018,276.6,-0.0018076644974692696,-0.005422993492407809,0.0,-0.0072306579898770785
Collier,Florida,2019,276.6,0.0,0.014461315979754157,0.028922631959508314,0.05061460592913955
Collier,Florida,2020,276.6,-0.009038322487346347,-0.0036153289949385392,0.010845986984815618,
Colusa,California,2011,117.7,-0.033984706881903144,-0.1274426508071368,-0.05097706032285471,-0.033984706881903144
Colusa,California,2012,117.7,-0.0594732370433305,-0.025488530161427356,0.008496176720475786,-0.008496176720475786
Colusa,California,2013,117.7,-0.04248088360237893,-0.05097706032285471,-0.05097706032285471,-0.008496176720475786
Colusa,California,2014,117.7,-0.008496176720475786,-0.04248088360237893,-0.07646559048428207,-0.06796941376380629
Colusa,California,2015,117.7,-0.06796941376380629,-0.05097706032285471,-0.033984706881903144,-0.0594732370433305
Colusa,California,2016,117.7,-0.118946474086661,-0.08496176720475786,-0.04248088360237893,0.025488530161427356
Colusa,California,2017,117.7,-0.033984706881903144,-0.04248088360237893,0.016992353440951572,-0.016992353440951572
Colusa,California,2018,117.7,-0.11045029736618521,-0.08496176720475786,-0.06796941376380629,0.05097706032285471
Colusa,California,2019,117.7,-0.016992353440951572,-0.0594732370433305,-0.04248088360237893,0.3058623619371283
Colusa,California,2020,117.7,-0.08496176720475786,-0.09345794392523364,-0.10195412064570943,-0.016992353440951572
Eloy,Arizona,2011,160.7,-0.04978220286247667,0.012445550715619168,0.4542626011200996,0.1555693839452396
Eloy,Arizona,2012,160.7,0.015556938394523958,-0.003111387678904792,0.009334163036714376,0.009334163036714376
Eloy,Arizona,2013,160.7,-0.043559427504667084,0.006222775357809584,0.01866832607342875,
Eloy,Arizona,2014,160.7,-0.04978220286247667,-0.012445550715619168,-0.01866832607342875,0.031113876789047916
Eloy,Arizona,2015,160.7,-0.012445550715619168,-0.031113876789047916,-0.043559427504667084,
Eloy,Arizona,2016,160.7,0.05600497822028625,0.1866832607342875,,
Eloy,Arizona,2017,160.7,-0.006222775357809584,-0.01866832607342875,-0.006222775357809584,0.1120099564405725
Eloy,Arizona,2018,160.7,0.006222775357809584,-0.012445550715619168,,
Eloy,Arizona,2019,160.7,-0.006222775357809584,0.024891101431238336,0.05600497822028625,
Eloy,Arizona,2020,160.7,-0.0373366521468575,0.012445550715619168,0.12445550715619166,-0.0373366521468575
Essex,New Jersey,2011,92.8,-0.05387931034482759,-0.032327586206896554,-0.032327586206896554,-0.07543103448275862
Essex,New Jersey,2012,92.8,-0.010775862068965518,-0.06465517241379311,0.05387931034482759,-0.021551724137931036
Essex,New Jersey,2013,92.8,0.0,-0.010775862068965518,-0.021551724137931036,-0.021551724137931036
Essex,New Jersey,2014,92.8,0.021551724137931036,0.0,-0.010775862068965518,0.05387931034482759
Essex,New Jersey,2015,92.8,0.021551724137931036,-0.010775862068965518,0.032327586206896554,-0.06465517241379311
Essex,New Jersey,2016,92.8,-0.04310344827586207,-0.010775862068965518,-0.032327586206896554,0.021551724137931036
Essex,New Jersey,2017,92.8,-0.05387931034482759,-0.09698275862068965,-0.021551724137931036,-0.010775862068965518
Essex,New Jersey,2018,92.8,-0.07543103448275862,0.021551724137931036,0.010775862068965518,0.09698275862068965
Essex,New Jersey,2019,92.8,-0.10775862068965518,-0.010775862068965518,-0.010775862068965518,0.11853448275862069
Essex,New Jersey,2020,92.8,0.021551724137931036,0.0,0.010775862068965518,0.005387931034482759
Fairfield,Connecticut,2011,86.1,-0.0348432055749129,0.0,0.011614401858304297,-0.023228803716608595
Fairfield,Connecticut,2012,86.1,0.011614401858304297,0.023228803716608595,0.04645760743321719,0.011614401858304297
Fairfield,Connecticut,2013,86.1,-0.023228803716608595,-0.023228803716608595,-0.0348432055749129,-0.023228803716608595
Fairfield,Connecticut,2014,86.1,0.0348432055749129,0.011614401858304297,0.04645760743321719,0.25551684088269455
Fairfield,Connecticut,2015,86.1,-0.0348432055749129,-0.023228803716608595,-0.0348432055749129,0.05807200929152149
Fairfield,Connecticut,2016,86.1,-0.1393728222996516,-0.0696864111498258,-0.04645760743321719,0.12775842044134728
Fairfield,Connecticut,2017,86.1,-0.0348432055749129,-0.05807200929152149,0.04645760743321719,0.19744483159117307
Fairfield,Connecticut,2018,86.1,-0.0813008130081301,-0.011614401858304297,-0.023228803716608595,0.1626016260162602
Fairfield,Connecticut,2019,86.1,-0.11614401858304298,-0.0348432055749129,-0.04645760743321719,-0.0813008130081301
Fairfield,Connecticut,2020,86.1,-0.0813008130081301,-0.11614401858304298,-0.1393728222996516,-0.0696864111498258
Forsyth,North Carolina,2011,106.4,-0.06578947368421052,-0.09398496240601503,-0.09398496240601503,-0.10338345864661654
Forsyth,North Carolina,2012,106.4,-0.09398496240601503,-0.15977443609022557,-0.07518796992481203,-0.06578947368421052
Forsyth,North Carolina,2013,106.4,-0.03759398496240601,-0.046992481203007516,-0.07518796992481203,-0.06578947368421052
Forsyth,North Carolina,2014,106.4,-0.018796992481203006,-0.06578947368421052,-0.10338345864661654,-0.17857142857142858
Forsyth,North Carolina,2015,106.4,-0.018796992481203006,-0.02819548872180451,-0.05639097744360902,-0.06578947368421052
Forsyth,North Carolina,2016,106.4,-0.009398496240601503,-0.009398496240601503,-0.02819548872180451,-0.02819548872180451
Forsyth,North Carolina,2017,106.4,-0.02819548872180451,-0.02819548872180451,-0.03759398496240601,-0.13157894736842105
Forsyth,North Carolina,2018,106.4,-0.02819548872180451,-0.02819548872180451,-0.018796992481203006,-0.02819548872180451
Forsyth,North Carolina,2019,106.4,-0.03759398496240601,0.009398496240601503,-0.018796992481203006,-0.02819548872180451
Forsyth,North Carolina,2020,106.4,-0.06578947368421052,-0.06578947368421052,-0.09398496240601503,-0.06578947368421052
Fortuna Foothills,Arizona,2011,176.2,0.10783200908059025,0.10215664018161182,0.10215664018161182,0.045402951191827474
Fortuna Foothills,Arizona,2012,176.2,-0.022701475595913737,-0.005675368898978434,-0.0170261066969353,-0.022701475595913737
Fortuna Foothills,Arizona,2013,176.2,0.6696935300794552,0.09080590238365495,0.10215664018161182,
Fortuna Foothills,Arizona,2014,176.2,-0.05675368898978434,-0.03972758229284904,0.11350737797956868,0.15891032917139616
Fortuna Foothills,Arizona,2015,176.2,0.014188422247446085,0.0170261066969353,0.011350737797956869,
Fortuna Foothills,Arizona,2016,176.2,0.09648127128263338,0.022701475595913737,0.0170261066969353,0.0170261066969353
Fortuna Foothills,Arizona,2017,176.2,0.04256526674233826,0.09080590238365495,0.1362088535754824,
Fortuna Foothills,Arizona,2018,176.2,0.025539160045402954,0.05107832009080591,0.03972758229284904,0.02837684449489217
Fortuna Foothills,Arizona,2019,176.2,-0.0340522133938706,-0.005675368898978434,0.0340522133938706,0.011350737797956869
Fortuna Foothills,Arizona,2020,176.2,-0.01986379114642452,0.03972758229284904,0.005675368898978434,-0.0340522133938706
Jackson,Florida,2011,141.2,0.00708215297450425,0.028328611898017,0.19121813031161475,0.3541076487252125
Jackson,Florida,2012,141.2,-0.00708215297450425,0.042492917847025496,0.00708215297450425,0.0141643059490085
Jackson,Florida,2013,141.2,0.0,-0.00708215297450425,0.0,0.10623229461756374
Jackson,Florida,2014,141.2,0.00708215297450425,-0.00708215297450425,0.028328611898017,0.09915014164305949
Jackson,Florida,2015,141.2,0.07790368271954674,0.049575070821529746,0.021246458923512748,0.00708215297450425
Jackson,Florida,2016,141.2,-0.03541076487252125,0.0,0.049575070821529746,0.021246458923512748
Jackson,Florida,2017,141.2,0.0141643059490085,0.0,0.0141643059490085,0.056657223796034
Jackson,Florida,2018,141.2,-0.0141643059490085,0.00708215297450425,0.00708215297450425,0.00708215297450425
Jackson,Florida,2019,141.2,-0.028328611898017,0.03541076487252125,0.028328611898017,0.3541076487252125
Jackson,Florida,2020,141.2,-0.0141643059490085,0.00708215297450425,0.0,0.028328611898017
Marana,Arizona,2011,156.6,-0.070242656449553,-0.006385696040868455,-0.01277139208173691,
Marana,Arizona,2012,156.6,-0.031928480204342274,-0.0031928480204342275,0.0,
Marana,Arizona,2013,156.6,-0.03831417624521073,0.0,-0.006385696040868455,
Marana,Arizona,2014,156.6,-0.04469987228607918,-0.019157088122605366,-0.019157088122605366,-0.17879948914431673
Marana,Arizona,2015,156.6,-0.006385696040868455,-0.031928480204342274,-0.05108556832694764,-0.03831417624521073
Marana,Arizona,2016,156.6,0.006385696040868455,0.02554278416347382,0.05747126436781609,
Marana,Arizona,2017,156.6,-0.006385696040868455,-0.02554278416347382,-0.01277139208173691,-0.019157088122605366
Marana,Arizona,2018,156.6,0.01277139208173691,-0.006385696040868455,-0.006385696040868455,
Marana,Arizona,2019,156.6,-0.006385696040868455,0.006385696040868455,0.10217113665389528,
Marana,Arizona,2020,156.6,-0.08301404853128991,0.0,-0.02554278416347382,-0.03831417624521073
Maricopa,Arizona,2011,159.2,-0.03768844221105528,0.02512562814070352,0.5716080402010051,0.16331658291457288
Maricopa,Arizona,2012,159.2,0.00314070351758794,-0.01256281407035176,-0.00942211055276382,0.0314070351758794
Maricopa,Arizona,2013,159.2,-0.03768844221105528,0.6155778894472362,0.15075376884422112,
Maricopa,Arizona,2014,159.2,-0.02512562814070352,-0.01256281407035176,-0.02512562814070352,
Maricopa,Arizona,2015,159.2,-0.02512562814070352,0.0,0.05025125628140704,
Maricopa,Arizona,2016,159.2,0.056532663316582916,0.06909547738693468,,
Maricopa,Arizona,2017,159.2,-0.01884422110552764,-0.01256281407035176,0.14447236180904524,
Maricopa,Arizona,2018,159.2,-0.0314070351758794,0.00628140703517588,,
Maricopa,Arizona,2019,159.2,0.00628140703517588,0.02512562814070352,0.02512562814070352,
Maricopa,Arizona,2020,159.2,-0.02512562814070352,0.03768844221105528,0.02512562814070352,0.08165829145728644
New York,New York,2011,96.5,-0.04145077720207254,-0.08290155440414508,-0.04145077720207254,-0.05181347150259067
New York,New York,2012,96.5,-0.02072538860103627,-0.031088082901554404,-0.031088082901554404,0.02072538860103627
New York,New York,2013,96.5,-0.031088082901554404,-0.031088082901554404,-0.08290155440414508,-0.06217616580310881
New York,New York,2014,96.5,-0.010362694300518135,-0.05181347150259067,-0.14507772020725387,-0.3005181347150259
New York,New York,2015,96.5,-0.02072538860103627,-0.05181347150259067,-0.05181347150259067,-0.15544041450777202
New York,New York,2016,96.5,-0.09326424870466321,-0.02072538860103627,-0.02072538860103627,-0.04145077720207254
New York,New York,2017,96.5,-0.04145077720207254,-0.07253886010362694,-0.04145077720207254,-0.08290155440414508
New York,New York,2018,96.5,-0.06217616580310881,-0.09326424870466321,-0.010362694300518135,0.02072538860103627
New York,New York,2019,96.5,-0.05181347150259067,0.0,0.13471502590673576,0.04145077720207254
New York,New York,2020,96.5,-0.02072538860103627,-0.04145077720207254,-0.02072538860103627,-0.02072538860103627
Nogales,Arizona,2011,112.1,0.0,-0.01784121320249777,-0.04460303300624443,-0.07136485280999108
Nogales,Arizona,2012,112.1,-0.09812667261373774,-0.17841213202497772,-0.026761819803746655,-0.03568242640499554
Nogales,Arizona,2013,112.1,-0.1248884924174844,-0.04460303300624443,-0.07136485280999108,-0.08028545941123996
Nogales,Arizona,2014,112.1,-0.08920606601248886,-0.09812667261373774,-0.10704727921498662,-0.03568242640499554
Nogales,Arizona,2015,112.1,-0.11596788581623552,-0.008920606601248885,0.01784121320249777,0.03568242640499554
Nogales,Arizona,2016,112.1,-0.0624442462087422,-0.03568242640499554,-0.026761819803746655,0.08028545941123996
Nogales,Arizona,2017,112.1,-0.03568242640499554,-0.03568242640499554,-0.0624442462087422,-0.2497769848349688
Nogales,Arizona,2018,112.1,-0.026761819803746655,-0.04460303300624443,0.04460303300624443,-0.05352363960749331
Nogales,Arizona,2019,112.1,-0.05352363960749331,-0.04460303300624443,-0.04460303300624443,-0.04460303300624443
Nogales,Arizona,2020,112.1,-0.11596788581623552,-0.04460303300624443,-0.08920606601248886,-0.14272970561998216
Osceola,Florida,2011,181.3,0.01654715940430226,0.01654715940430226,0.22614451185879755,
Osceola,Florida,2012,181.3,-0.011031439602868174,-0.005515719801434087,-0.011031439602868174,0.0441257584114727
Osceola,Florida,2013,181.3,0.0,-0.03861003861003861,0.0,-0.005515719801434087
Osceola,Florida,2014,181.3,0.0,0.011031439602868174,0.01654715940430226,0.01654715940430226
Osceola,Florida,2015,181.3,-0.01654715940430226,0.005515719801434087,0.02206287920573635,0.027578599007170433
Osceola,Florida,2016,181.3,-0.011031439602868174,-0.02206287920573635,0.005515719801434087,0.0
Osceola,Florida,2017,181.3,-0.02206287920573635,0.0,0.03309431880860452,0.21511307225592938
Osceola,Florida,2018,181.3,-0.01654715940430226,-0.011031439602868174,0.0,0.03309431880860452
Osceola,Florida,2019,181.3,-0.02206287920573635,-0.011031439602868174,-0.011031439602868174,-0.011031439602868174
Osceola,Florida,2020,181.3,-0.005515719801434087,-0.02206287920573635,0.011031439602868174,
Pinellas,Florida,2011,183.0,0.03278688524590164,0.01092896174863388,0.01639344262295082,0.0
Pinellas,Florida,2012,183.0,0.0273224043715847,0.01092896174863388,0.01639344262295082,0.04371584699453552
Pinellas,Florida,2013,183.0,-0.01639344262295082,0.01092896174863388,0.04918032786885246,0.03278688524590164
Pinellas,Florida,2014,183.0,0.0,0.04371584699453552,0.0273224043715847,
Pinellas,Florida,2015,183.0,-0.01092896174863388,-0.00546448087431694,-0.01639344262295082,0.01092896174863388
Pinellas,Florida,2016,183.0,-0.0273224043715847,0.060109289617486336,0.03825136612021858,0.03278688524590164
Pinellas,Florida,2017,183.0,-0.0273224043715847,0.04371584699453552,0.02185792349726776,0.0273224043715847
Pinellas,Florida,2018,183.0,-0.03825136612021858,-0.00546448087431694,0.01639344262295082,0.1366120218579235
Pinellas,Florida,2019,183.0,0.0,-0.01639344262295082,0.01092896174863388,
Pinellas,Florida,2020,183.0,0.0,-0.01092896174863388,0.11475409836065574,
Pitt,North Carolina,2011,122.7,-0.06519967400162999,-0.016299918500407497,0.032599837000814993,-0.032599837000814993
Pitt,North Carolina,2012,122.7,-0.024449877750611245,-0.13854930725346373,-0.08149959250203749,-0.032599837000814993
Pitt,North Carolina,2013,122.7,-0.008149959250203748,-0.016299918500407497,-0.040749796251018745,-0.07334963325183375
Pitt,North Carolina,2014,122.7,-0.04889975550122249,-0.008149959250203748,-0.024449877750611245,-0.08149959250203749
Pitt,North Carolina,2015,122.7,0.06519967400162999,-0.008149959250203748,-0.032599837000814993,-0.08149959250203749
Pitt,North Carolina,2016,122.7,-0.032599837000814993,-0.06519967400162999,-0.04889975550122249,-0.032599837000814993
Pitt,North Carolina,2017,122.7,-0.016299918500407497,-0.016299918500407497,-0.024449877750611245,0.016299918500407497
Pitt,North Carolina,2018,122.7,-0.032599837000814993,-0.05704971475142624,0.0,
Pitt,North Carolina,2019,122.7,-0.024449877750611245,0.008149959250203748,-0.024449877750611245,-0.040749796251018745
Pitt,North Carolina,2020,122.7,-0.04889975550122249,-0.04889975550122249,-0.020374898125509373,0.008149959250203748
Prescott Valley,Arizona,2011,81.8,-0.06112469437652812,-0.13447432762836187,-0.012224938875305624,-0.0488997555012225
Prescott Valley,Arizona,2012,81.8,0.0,-0.18337408312958436,-0.07334963325183375,-0.06112469437652812
Prescott Valley,Arizona,2013,81.8,-0.06112469437652812,-0.06112469437652812,-0.07334963325183375,-0.06112469437652812
Prescott Valley,Arizona,2014,81.8,-0.36674816625916873,-0.22004889975550124,-0.17114914425427874,-0.37897310513447435
Prescott Valley,Arizona,2015,81.8,-0.3056234718826406,-0.07334963325183375,-0.097799511002445,-0.097799511002445
Prescott Valley,Arizona,2016,81.8,0.0,-0.02444987775061125,0.0488997555012225,-0.0488997555012225
Prescott Valley,Arizona,2017,81.8,-0.06112469437652812,0.07334963325183375,0.0,-0.0488997555012225
Prescott Valley,Arizona,2018,81.8,-0.0488997555012225,-0.07334963325183375,0.11002444987775062,-0.03667481662591687
Prescott Valley,Arizona,2019,81.8,0.0,-0.03667481662591687,-0.07334963325183375,-0.18337408312958436
Prescott Valley,Arizona,2020,81.8,0.0,-0.0488997555012225,0.02444987775061125,0.23227383863080686
Richmond,New York,2011,98.0,-0.061224489795918366,-0.09183673469387756,-0.02040816326530612,-0.061224489795918366
Richmond,New York,2012,98.0,-0.02040816326530612,-0.07142857142857142,-0.01020408163265306,-0.030612244897959183
Richmond,New York,2013,98.0,0.0,-0.030612244897959183,-0.02040816326530612,-0.061224489795918366
Richmond,New York,2014,98.0,-0.01020408163265306,-0.04081632653061224,-0.12244897959183673,-0.2755102040816326
Richmond,New York,2015,98.0,-0.04081632653061224,-0.030612244897959183,-0.030612244897959183,-0.04081632653061224
Richmond,New York,2016,98.0,-0.07142857142857142,-0.02040816326530612,-0.02040816326530612,0.01020408163265306
Richmond,New York,2017,98.0,-0.02040816326530612,-0.061224489795918366,-0.05102040816326531,-0.11224489795918367
Richmond,New York,2018,98.0,-0.030612244897959183,-0.061224489795918366,0.0,0.07142857142857142
Richmond,New York,2019,98.0,-0.07142857142857142,-0.01020408163265306,-0.030612244897959183,0.07142857142857142
Richmond,New York,2020,98.0,-0.02040816326530612,-0.04081632653061224,-0.08163265306122448,-0.02040816326530612
Riverside,California,2011,121.9,-0.03281378178835111,-0.07383100902378999,0.32813781788351104,
Riverside,California,2012,121.9,-0.06562756357670221,-0.04101722723543888,-0.04101722723543888,
Riverside,California,2013,121.9,0.06562756357670221,0.04101722723543888,0.5578342904019687,
Riverside,California,2014,121.9,-0.09844134536505332,-0.02461033634126333,0.05742411812961443,
Riverside,California,2015,121.9,-0.16406890894175552,-0.04101722723543888,0.4265791632485644,
Riverside,California,2016,121.9,-0.03281378178835111,0.05742411812961443,0.2132895816242822,0.1804757998359311
Riverside,California,2017,121.9,-0.04101722723543888,-0.04922067268252666,0.04922067268252666,
Riverside,California,2018,121.9,0.03281378178835111,0.25430680885972107,0.3691550451189499,
Riverside,California,2019,121.9,0.008203445447087777,0.15586546349466776,0.3773584905660377,
Riverside,California,2020,121.9,-0.03281378178835111,0.04101722723543888,0.48400328137817883,0.13125512715340443
Salem,New Jersey,2011,97.1,-0.07209062821833162,-0.0411946446961895,-0.010298661174047374,-0.05149330587023687
Salem,New Jersey,2012,97.1,-0.010298661174047374,0.07209062821833162,-0.010298661174047374,-0.010298661174047374
Salem,New Jersey,2013,97.1,-0.010298661174047374,-0.0411946446961895,-0.061791967044284246,-0.07209062821833162
Salem,New Jersey,2014,97.1,0.010298661174047374,-0.010298661174047374,0.010298661174047374,-0.2780638516992791
Salem,New Jersey,2015,97.1,0.0,-0.0411946446961895,-0.061791967044284246,-0.030895983522142123
Salem,New Jersey,2016,97.1,-0.0411946446961895,0.0,0.061791967044284246,0.010298661174047374
Salem,New Jersey,2017,97.1,-0.07209062821833162,-0.11328527291452112,-0.10298661174047374,-0.10298661174047374
Salem,New Jersey,2018,97.1,-0.02059732234809475,0.030895983522142123,0.010298661174047374,0.05149330587023687
Salem,New Jersey,2019,97.1,-0.061791967044284246,0.010298661174047374,0.0,0.010298661174047374
Salem,New Jersey,2020,97.1,-0.030895983522142123,-0.0411946446961895,-0.07209062821833162,-0.025746652935118436
Shasta,California,2011,101.6,-0.03937007874015748,-0.0688976377952756,-0.029527559055118113,-0.05905511811023623
Shasta,California,2012,101.6,-0.00984251968503937,-0.03937007874015748,-0.04429133858267717,-0.01968503937007874
Shasta,California,2013,101.6,-0.01968503937007874,-0.05905511811023623,-0.04921259842519685,0.0
Shasta,California,2014,101.6,-0.11811023622047245,-0.029527559055118113,-0.07874015748031496,-0.04921259842519685
Shasta,California,2015,101.6,0.0,-0.05905511811023623,-0.03937007874015748,-0.01968503937007874
Shasta,California,2016,101.6,0.05905511811023623,-0.01968503937007874,0.0688976377952756,0.04921259842519685
Shasta,California,2017,101.6,-0.01968503937007874,-0.00984251968503937,0.01968503937007874,-0.004921259842519685
Shasta,California,2018,101.6,-0.01968503937007874,-0.04921259842519685,-0.08858267716535434,-0.01968503937007874
Shasta,California,2019,101.6,-0.0984251968503937,-0.03937007874015748,0.00984251968503937,
Shasta,California,2020,101.6,-0.1968503937007874,-0.0984251968503937,-0.029527559055118113,-0.00984251968503937
Stanislaus,California,2011,123.4,-0.08914100486223663,-0.2025931928687196,-0.04051863857374392,-0.04051863857374392
Stanislaus,California,2012,123.4,-0.03241491085899514,-0.02431118314424635,0.008103727714748784,0.0
Stanislaus,California,2013,123.4,-0.1053484602917342,-0.0486223662884927,-0.12155591572123176,0.02431118314424635
Stanislaus,California,2014,123.4,-0.04051863857374392,-0.07293354943273905,-0.02431118314424635,-0.0486223662884927
Stanislaus,California,2015,123.4,-0.1053484602917342,-0.07293354943273905,-0.05672609400324149,0.12965964343598055
Stanislaus,California,2016,123.4,-0.0972447325769854,-0.11345218800648298,-0.05672609400324149,-0.12155591572123176
Stanislaus,California,2017,123.4,-0.04051863857374392,-0.05672609400324149,-0.18638573743922204,-0.02431118314424635
Stanislaus,California,2018,123.4,-0.17828200972447325,-0.1053484602917342,-0.12965964343598055,0.0486223662884927
Stanislaus,California,2019,123.4,-0.02431118314424635,-0.0972447325769854,-0.06482982171799027,-0.03241491085899514
Stanislaus,California,2020,123.4,-0.0486223662884927,-0.0972447325769854,-0.08103727714748785,-0.17828200972447325
Tucson,Arizona,2011,146.8,-0.04087193460490463,-0.013623978201634876,-0.04087193460490463,-0.020435967302452316
Tucson,Arizona,2012,146.8,-0.04087193460490463,-0.04087193460490463,0.03746594005449591,0.03405994550408719
Tucson,Arizona,2013,146.8,-0.02724795640326975,0.04768392370572207,-0.02724795640326975,-0.006811989100817438
Tucson,Arizona,2014,146.8,-0.03405994550408719,-0.03405994550408719,-0.020435967302452316,-0.013623978201634876
Tucson,Arizona,2015,146.8,-0.02724795640326975,-0.04087193460490463,0.006811989100817438,-0.04768392370572207
Tucson,Arizona,2016,146.8,-0.020435967302452316,-0.006811989100817438,0.0,0.07493188010899182
Tucson,Arizona,2017,146.8,-0.020435967302452316,-0.020435967302452316,-0.0544959128065395,-0.07493188010899182
Tucson,Arizona,2018,146.8,0.0,-0.020435967302452316,-0.020435967302452316,
Tucson,Arizona,2019,146.8,-0.020435967302452316,-0.006811989100817438,0.0,0.18392370572207084
Tucson,Arizona,2020,146.8,-0.0544959128065395,-0.020435967302452316,-0.02724795640326975,-0.07493188010899182
Ventura,California,2011,99.4,0.0,-0.19114688128772633,-0.1408450704225352,-0.16096579476861167
Ventura,California,2012,99.4,-0.12072434607645875,-0.13078470824949698,-0.0704225352112676,-0.09054325955734406
Ventura,California,2013,99.4,-0.15090543259557343,-0.16096579476861167,-0.2515090543259557,-0.22132796780684103
Ventura,California,2014,99.4,-0.09054325955734406,-0.12072434607645875,-0.2515090543259557,-0.26156941649899396
Ventura,California,2015,99.4,-0.05030181086519114,-0.060362173038229376,-0.0704225352112676,-0.09054325955734406
Ventura,California,2016,99.4,-0.11066398390342051,-0.12072434607645875,-0.11066398390342051,-0.11066398390342051
Ventura,California,2017,99.4,-0.02012072434607646,-0.05030181086519114,-0.030181086519114688,-0.13078470824949698
Ventura,California,2018,99.4,-0.060362173038229376,-0.22132796780684103,-0.16096579476861167,-0.08048289738430583
Ventura,California,2019,99.4,0.060362173038229376,0.02012072434607646,0.18108651911468812,0.0704225352112676
Ventura,California,2020,99.4,-0.01006036217303823,0.38229376257545267,-0.18108651911468812,-0.2414486921529175
Waukesha,Wisconsin,2011,78.0,0.10256410256410256,-0.05128205128205128,-0.02564102564102564,-0.02564102564102564
Waukesha,Wisconsin,2012,78.0,-0.07692307692307693,-0.05128205128205128,-0.038461538461538464,-0.0641025641025641
Waukesha,Wisconsin,2013,78.0,-0.01282051282051282,-0.05128205128205128,-0.08974358974358974,-0.02564102564102564
Waukesha,Wisconsin,2014,78.0,-0.01282051282051282,-0.01282051282051282,-0.02564102564102564,0.038461538461538464
Waukesha,Wisconsin,2015,78.0,-0.07692307692307693,-0.02564102564102564,0.01282051282051282,0.02564102564102564
Waukesha,Wisconsin,2016,78.0,-0.0641025641025641,-0.038461538461538464,-0.01282051282051282,0.14102564102564102
Waukesha,Wisconsin,2017,78.0,0.11538461538461539,-0.05128205128205128,-0.038461538461538464,-0.038461538461538464
Waukesha,Wisconsin,2018,78.0,-0.15384615384615385,-0.08974358974358974,-0.0641025641025641,-0.05128205128205128
Waukesha,Wisconsin,2019,78.0,0.01282051282051282,-0.0641025641025641,-0.05128205128205128,0.08974358974358974
Waukesha,Wisconsin,2020,78.0,-0.14102564102564102,-0.15384615384615385,-0.11538461538461539,-0.14102564102564102
Yolo,California,2011,125.1,-0.0639488409272582,-0.09592326139088729,-0.0639488409272582,-0.08792965627498002
Yolo,California,2012,125.1,-0.0639488409272582,-0.023980815347721823,0.007993605115907274,-0.3117505995203837
Yolo,California,2013,125.1,-0.01598721023181455,-0.007993605115907274,-0.01598721023181455,0.0
Yolo,California,2014,125.1,-0.039968025579536375,-0.023980815347721823,-0.0319744204636291,-0.15187849720223823
Yolo,California,2015,125.1,-0.01598721023181455,-0.047961630695443645,-0.0319744204636291,-0.047961630695443645
Yolo,California,2016,125.1,-0.10391686650679458,-0.14388489208633093,-0.05595523581135092,0.019984012789768187
Yolo,California,2017,125.1,-0.023980815347721823,-0.0319744204636291,-0.0319744204636291,-0.039968025579536375
Yolo,California,2018,125.1,-0.1598721023181455,-0.08792965627498002,-0.01598721023181455,-0.04396482813749001
Yolo,California,2019,125.1,-0.007993605115907274,0.0,-0.023980815347721823,-0.01598721023181455
Yolo,California,2020,125.1,-0.007993605115907274,-0.07993605115907275,-0.07993605115907275,-0.08792965627498002
Yuba,California,2011,111.6,-0.01792114695340502,-0.07168458781362008,0.0,0.0
Yuba,California,2012,111.6,-0.044802867383512544,-0.00896057347670251,0.0,-0.026881720430107527
Yuba,California,2013,111.6,-0.03584229390681004,-0.026881720430107527,0.0985663082437276,0.044802867383512544
Yuba,California,2014,111.6,-0.08064516129032258,-0.00896057347670251,-0.03584229390681004,-0.01792114695340502
Yuba,California,2015,111.6,-0.00896057347670251,-0.053763440860215055,-0.03584229390681004,0.08064516129032258
Yuba,California,2016,111.6,-0.12544802867383514,-0.026881720430107527,-0.03584229390681004,0.08960573476702509
Yuba,California,2017,111.6,-0.03584229390681004,-0.026881720430107527,-0.00896057347670251,-0.00896057347670251
Yuba,California,2018,111.6,-0.17921146953405018,-0.053763440860215055,-0.06272401433691757,0.03584229390681004
Yuba,California,2019,111.6,-0.00896057347670251,0.00896057347670251,0.044802867383512544,
Yuba,California,2020,111.6,-0.08064516129032258,-0.15232974910394265,-0.12544802867383514,
