City,State,Year,SeasonWidth,20%,40%,60%,80%
Alameda,California,2011,150.1,0.04663557628247835,-0.006662225183211193,-0.033311125916055964,0.05329780146568954
Alameda,California,2012,150.1,0.019986675549633577,0.013324450366422385,0.0,
Alameda,California,2013,150.1,0.033311125916055964,0.013324450366422385,-0.013324450366422385,0.05329780146568954
Alameda,California,2014,150.1,0.02664890073284477,0.006662225183211193,0.013324450366422385,0.17988007994670221
Alameda,California,2015,150.1,0.0,-0.04663557628247835,-0.013324450366422385,0.013324450366422385
Alameda,California,2016,150.1,0.006662225183211193,-0.05329780146568954,-0.033311125916055964,
Alameda,California,2017,150.1,-0.02664890073284477,-0.019986675549633577,-0.02664890073284477,-0.11325782811459027
Alameda,California,2018,150.1,0.0,0.0,0.0,0.013324450366422385
Alameda,California,2019,150.1,,,,
Alameda,California,2020,150.1,,,,
Anthem,Arizona,2011,191.9,-0.010422094841063054,-0.020844189682126108,0.0,0.0
Anthem,Arizona,2012,191.9,0.0,0.0,-0.005211047420531527,-0.005211047420531527
Anthem,Arizona,2013,191.9,0.005211047420531527,-0.010422094841063054,-0.013027618551328817,-0.005211047420531527
Anthem,Arizona,2014,191.9,-0.005211047420531527,0.0,-0.01563314226159458,-0.05732152162584679
Anthem,Arizona,2015,191.9,0.005211047420531527,0.01563314226159458,0.020844189682126108,-0.005211047420531527
Anthem,Arizona,2016,191.9,0.005211047420531527,0.0781657113079729,-0.005211047420531527,-0.0026055237102657635
Anthem,Arizona,2017,191.9,-0.01563314226159458,0.0,0.0,0.0
Anthem,Arizona,2018,191.9,0.0,0.0,-0.00781657113079729,0.0
Anthem,Arizona,2019,191.9,,,,
Anthem,Arizona,2020,191.9,,,,
Apache Junction,Arizona,2011,201.7,-0.01983143282102132,-0.002478929102627665,0.00495785820525533,0.0
Apache Junction,Arizona,2012,201.7,0.0,0.00991571641051066,0.00495785820525533,-0.03718393653941497
Apache Junction,Arizona,2013,201.7,0.01487357461576599,0.00495785820525533,-0.007436787307882995,0.002478929102627665
Apache Junction,Arizona,2014,201.7,0.00991571641051066,0.02478929102627665,0.0,-0.01487357461576599
Apache Junction,Arizona,2015,201.7,0.00991571641051066,0.01487357461576599,0.01983143282102132,0.01487357461576599
Apache Junction,Arizona,2016,201.7,0.0,0.05949429846306396,-0.021484052222773095,-0.01983143282102132
Apache Junction,Arizona,2017,201.7,0.01487357461576599,0.02478929102627665,-0.007436787307882995,0.00495785820525533
Apache Junction,Arizona,2018,201.7,0.0,-0.012394645513138325,-0.03966286564204264,0.0
Apache Junction,Arizona,2019,201.7,,,,
Apache Junction,Arizona,2020,201.7,,,,
Bronx,New York,2011,148.5,0.026936026936026935,0.006734006734006734,0.020202020202020204,0.013468013468013467
Bronx,New York,2012,148.5,-0.006734006734006734,0.020202020202020204,0.04040404040404041,0.020202020202020204
Bronx,New York,2013,148.5,0.013468013468013467,0.006734006734006734,0.016835016835016835,0.0
Bronx,New York,2014,148.5,0.013468013468013467,0.0,-0.006734006734006734,-0.04040404040404041
Bronx,New York,2015,148.5,0.026936026936026935,0.006734006734006734,0.013468013468013467,0.0
Bronx,New York,2016,148.5,0.006734006734006734,0.006734006734006734,0.026936026936026935,-0.020202020202020204
Bronx,New York,2017,148.5,0.013468013468013467,0.05387205387205387,0.05387205387205387,0.05387205387205387
Bronx,New York,2018,148.5,0.0,0.020202020202020204,0.006734006734006734,0.1414141414141414
Bronx,New York,2019,148.5,,,,
Bronx,New York,2020,148.5,,,,
Buckeye,Arizona,2011,193.1,-0.018125323666494046,-0.002589331952356292,0.0,-0.015535991714137753
Buckeye,Arizona,2012,193.1,-0.03625064733298809,-0.020714655618850338,-0.01294665976178146,-0.010357327809425169
Buckeye,Arizona,2013,193.1,-0.007767995857068877,0.007767995857068877,0.005178663904712584,0.005178663904712584
Buckeye,Arizona,2014,193.1,0.010357327809425169,0.020714655618850338,-0.0336613153806318,-0.031071983428275506
Buckeye,Arizona,2015,193.1,0.015535991714137753,0.015535991714137753,0.020714655618850338,-0.005178663904712584
Buckeye,Arizona,2016,193.1,-0.015535991714137753,-0.005178663904712584,-0.041429311237700675,-0.031071983428275506
Buckeye,Arizona,2017,193.1,0.005178663904712584,-0.015535991714137753,-0.018125323666494046,-0.015535991714137753
Buckeye,Arizona,2018,193.1,-0.010357327809425169,-0.010357327809425169,-0.015535991714137753,-0.010357327809425169
Buckeye,Arizona,2019,193.1,,,,
Buckeye,Arizona,2020,193.1,,,,
Bullhead City,Arizona,2011,195.5,-0.01278772378516624,-0.005115089514066497,-0.005115089514066497,-0.005115089514066497
Bullhead City,Arizona,2012,195.5,0.010230179028132993,0.005115089514066497,0.0,0.005115089514066497
Bullhead City,Arizona,2013,195.5,0.0076726342710997444,0.043478260869565216,0.0,-0.010230179028132993
Bullhead City,Arizona,2014,195.5,-0.015345268542199489,-0.056265984654731455,-0.02557544757033248,-0.015345268542199489
Bullhead City,Arizona,2015,195.5,0.015345268542199489,0.010230179028132993,0.0,0.0
Bullhead City,Arizona,2016,195.5,0.005115089514066497,-0.017050298380221655,-0.015345268542199489,-0.015345268542199489
Bullhead City,Arizona,2017,195.5,-0.020460358056265986,-0.005115089514066497,-0.0025575447570332483,0.015345268542199489
Bullhead City,Arizona,2018,195.5,-0.01278772378516624,-0.020460358056265986,-0.015345268542199489,-0.005115089514066497
Bullhead City,Arizona,2019,195.5,,,,
Bullhead City,Arizona,2020,195.5,,,,
Calhoun,Florida,2011,181.1,0.005521811154058531,-0.005521811154058531,0.011043622308117063,-0.011043622308117063
Calhoun,Florida,2012,181.1,0.0,0.005521811154058531,-0.016565433462175594,0.005521811154058531
Calhoun,Florida,2013,181.1,0.0,-0.005521811154058531,-0.005521811154058531,0.0
Calhoun,Florida,2014,181.1,-0.011043622308117063,-0.011043622308117063,-0.11043622308117063,0.027609055770292656
Calhoun,Florida,2015,181.1,-0.011043622308117063,-0.005521811154058531,0.0,-0.011043622308117063
Calhoun,Florida,2016,181.1,-0.011043622308117063,0.005521811154058531,0.011043622308117063,0.0
Calhoun,Florida,2017,181.1,0.0,0.0,-0.005521811154058531,0.005521811154058531
Calhoun,Florida,2018,181.1,0.0,0.0,0.0,0.0
Calhoun,Florida,2019,181.1,,,,
Calhoun,Florida,2020,181.1,,,,
Casa Grande,Arizona,2011,195.3,-0.02816180235535074,-0.002560163850486431,0.0,-0.005120327700972862
Casa Grande,Arizona,2012,195.3,0.005120327700972862,0.005120327700972862,0.005120327700972862,0.005120327700972862
Casa Grande,Arizona,2013,195.3,0.0,0.0,-0.0076804915514592925,-0.010240655401945725
Casa Grande,Arizona,2014,195.3,-0.005120327700972862,-0.005120327700972862,-0.005120327700972862,0.0
Casa Grande,Arizona,2015,195.3,0.02048131080389145,0.010240655401945725,0.015360983102918585,-0.010240655401945725
Casa Grande,Arizona,2016,195.3,0.010240655401945725,-0.005120327700972862,-0.02816180235535074,-0.02048131080389145
Casa Grande,Arizona,2017,195.3,0.0,-0.010240655401945725,-0.010240655401945725,-0.015360983102918585
Casa Grande,Arizona,2018,195.3,0.0,-0.012800819252432155,-0.005120327700972862,-0.005120327700972862
Casa Grande,Arizona,2019,195.3,,,,
Casa Grande,Arizona,2020,195.3,,,,
Casas Adobes,Arizona,2011,185.0,0.010810810810810811,-0.005405405405405406,0.010810810810810811,-0.010810810810810811
Casas Adobes,Arizona,2012,185.0,0.005405405405405406,0.021621621621621623,0.016216216216216217,0.005405405405405406
Casas Adobes,Arizona,2013,185.0,-0.005405405405405406,-0.005405405405405406,0.0,-0.005405405405405406
Casas Adobes,Arizona,2014,185.0,0.010810810810810811,-0.005405405405405406,-0.005405405405405406,-0.005405405405405406
Casas Adobes,Arizona,2015,185.0,0.0,0.0,0.005405405405405406,0.0
Casas Adobes,Arizona,2016,185.0,-0.010810810810810811,0.021621621621621623,0.010810810810810811,0.05945945945945946
Casas Adobes,Arizona,2017,185.0,0.0,-0.005405405405405406,-0.010810810810810811,0.0
Casas Adobes,Arizona,2018,185.0,0.0,0.0,0.0,0.0
Casas Adobes,Arizona,2019,185.0,,,,
Casas Adobes,Arizona,2020,185.0,,,,
Catalina Foothills,Arizona,2011,184.2,0.010857763300760045,0.005428881650380022,-0.005428881650380022,-0.038002171552660155
Catalina Foothills,Arizona,2012,184.2,0.005428881650380022,0.02171552660152009,0.016286644951140065,0.005428881650380022
Catalina Foothills,Arizona,2013,184.2,0.005428881650380022,-0.005428881650380022,0.0,-0.005428881650380022
Catalina Foothills,Arizona,2014,184.2,0.005428881650380022,-0.010857763300760045,-0.016286644951140065,-0.010857763300760045
Catalina Foothills,Arizona,2015,184.2,-0.005428881650380022,0.0,0.048859934853420196,-0.005428881650380022
Catalina Foothills,Arizona,2016,184.2,-0.010857763300760045,0.02714440825190011,0.0,-0.07057546145494029
Catalina Foothills,Arizona,2017,184.2,0.0,-0.005428881650380022,-0.010857763300760045,0.0
Catalina Foothills,Arizona,2018,184.2,0.0,0.0,0.0,0.0
Catalina Foothills,Arizona,2019,184.2,,,,
Catalina Foothills,Arizona,2020,184.2,,,,
Chandler,Arizona,2011,194.7,-0.020544427324088343,-0.005136106831022086,-0.010272213662044172,-0.007704160246533128
Chandler,Arizona,2012,194.7,0.0,-0.005136106831022086,-0.005136106831022086,-0.0179763739085773
Chandler,Arizona,2013,194.7,0.0,-0.007704160246533128,-0.015408320493066256,0.0
Chandler,Arizona,2014,194.7,0.0,0.005136106831022086,-0.005136106831022086,-0.015408320493066256
Chandler,Arizona,2015,194.7,0.010272213662044172,0.015408320493066256,0.015408320493066256,-0.010272213662044172
Chandler,Arizona,2016,194.7,-0.015408320493066256,-0.02568053415511043,-0.0359527478171546,0.0
Chandler,Arizona,2017,194.7,-0.010272213662044172,-0.015408320493066256,-0.010272213662044172,-0.012840267077555215
Chandler,Arizona,2018,194.7,0.0,-0.010272213662044172,-0.02568053415511043,-0.010272213662044172
Chandler,Arizona,2019,194.7,,,,
Chandler,Arizona,2020,194.7,,,,
Contra Costa,California,2011,145.1,-0.05513439007580979,-0.02067539627842867,0.03445899379738112,0.013783597518952447
Contra Costa,California,2012,145.1,-0.02067539627842867,-0.02067539627842867,-0.013783597518952447,0.0
Contra Costa,California,2013,145.1,0.0,-0.013783597518952447,-0.027567195037904894,
Contra Costa,California,2014,145.1,0.013783597518952447,0.006891798759476223,0.22742935906271539,
Contra Costa,California,2015,145.1,0.013783597518952447,-0.006891798759476223,0.013783597518952447,0.05513439007580979
Contra Costa,California,2016,145.1,-0.02067539627842867,-0.02067539627842867,0.03445899379738112,
Contra Costa,California,2017,145.1,-0.013783597518952447,-0.013783597518952447,-0.006891798759476223,
Contra Costa,California,2018,145.1,0.0,0.0,0.0,-0.027567195037904894
Contra Costa,California,2019,145.1,,,,
Contra Costa,California,2020,145.1,,,,
Cumberland,New Jersey,2011,146.9,-0.020422055820285907,-0.03403675970047651,-0.02722940776038121,-0.03403675970047651
Cumberland,New Jersey,2012,146.9,-0.013614703880190605,0.0068073519400953025,-0.02722940776038121,-0.020422055820285907
Cumberland,New Jersey,2013,146.9,0.0,0.0,-0.013614703880190605,-0.08849557522123894
Cumberland,New Jersey,2014,146.9,0.0068073519400953025,0.0,0.0068073519400953025,0.04084411164057181
Cumberland,New Jersey,2015,146.9,-0.013614703880190605,-0.020422055820285907,-0.013614703880190605,-0.03403675970047651
Cumberland,New Jersey,2016,146.9,0.04765146358066712,0.0068073519400953025,-0.12933968686181074,0.09530292716133423
Cumberland,New Jersey,2017,146.9,-0.013614703880190605,0.0068073519400953025,-0.04084411164057181,-0.020422055820285907
Cumberland,New Jersey,2018,146.9,0.0,0.02722940776038121,0.0,0.05445881552076242
Cumberland,New Jersey,2019,146.9,,,,
Cumberland,New Jersey,2020,146.9,,,,
Dane,Wisconsin,2011,136.2,0.03671071953010279,-0.03671071953010279,-0.007342143906020559,0.007342143906020559
Dane,Wisconsin,2012,136.2,-0.022026431718061675,-0.014684287812041117,-0.007342143906020559,-0.029368575624082235
Dane,Wisconsin,2013,136.2,0.014684287812041117,0.007342143906020559,0.08076358296622614,-0.05139500734214391
Dane,Wisconsin,2014,136.2,-0.014684287812041117,-0.014684287812041117,-0.007342143906020559,0.014684287812041117
Dane,Wisconsin,2015,136.2,-0.007342143906020559,0.007342143906020559,-0.007342143906020559,-0.007342143906020559
Dane,Wisconsin,2016,136.2,-0.014684287812041117,-0.014684287812041117,-0.014684287812041117,
Dane,Wisconsin,2017,136.2,0.05139500734214391,0.007342143906020559,0.007342143906020559,0.014684287812041117
Dane,Wisconsin,2018,136.2,-0.014684287812041117,-0.007342143906020559,0.014684287812041117,-0.03671071953010279
Dane,Wisconsin,2019,136.2,,,,
Dane,Wisconsin,2020,136.2,,,,
Douglas,Arizona,2011,163.4,0.0,-0.01835985312117503,-0.03671970624235006,-0.030599755201958383
Douglas,Arizona,2012,163.4,-0.012239902080783353,0.012239902080783353,-0.012239902080783353,-0.006119951040391676
Douglas,Arizona,2013,163.4,0.06119951040391677,-0.01835985312117503,-0.01835985312117503,-0.006119951040391676
Douglas,Arizona,2014,163.4,-0.030599755201958383,-0.006119951040391676,0.006119951040391676,-0.012239902080783353
Douglas,Arizona,2015,163.4,0.006119951040391676,0.024479804161566705,-0.012239902080783353,-0.0795593635250918
Douglas,Arizona,2016,163.4,-0.042839657282741736,0.0,-0.006119951040391676,-0.01835985312117503
Douglas,Arizona,2017,163.4,-0.006119951040391676,-0.030599755201958383,0.06731946144430845,-0.006119951040391676
Douglas,Arizona,2018,163.4,0.0,0.0,0.006119951040391676,0.0
Douglas,Arizona,2019,163.4,,,,
Douglas,Arizona,2020,163.4,,,,
Drexel Heights,Arizona,2011,186.3,0.010735373054213633,0.010735373054213633,0.01610305958132045,0.0
Drexel Heights,Arizona,2012,186.3,0.0053676865271068165,0.01610305958132045,0.021470746108427266,0.0
Drexel Heights,Arizona,2013,186.3,0.0,-0.0053676865271068165,0.0,-0.0053676865271068165
Drexel Heights,Arizona,2014,186.3,-0.0053676865271068165,0.0,0.0,-0.0053676865271068165
Drexel Heights,Arizona,2015,186.3,0.010735373054213633,0.0,0.0053676865271068165,0.0
Drexel Heights,Arizona,2016,186.3,0.0053676865271068165,0.0644122383252818,0.01610305958132045,0.0
Drexel Heights,Arizona,2017,186.3,-0.0053676865271068165,-0.010735373054213633,-0.0053676865271068165,0.0
Drexel Heights,Arizona,2018,186.3,0.0,0.0,0.0,0.0
Drexel Heights,Arizona,2019,186.3,,,,
Drexel Heights,Arizona,2020,186.3,,,,
El Mirage,Arizona,2011,205.1,-0.007313505607020965,-0.0048756704046806435,-0.01218917601170161,-0.01462701121404193
El Mirage,Arizona,2012,205.1,-0.007313505607020965,-0.019502681618722574,-0.019502681618722574,-0.02437835202340322
El Mirage,Arizona,2013,205.1,0.0024378352023403218,0.0024378352023403218,-0.0048756704046806435,0.0
El Mirage,Arizona,2014,205.1,0.0048756704046806435,0.01462701121404193,-0.046318868844466114,-0.017064846416382253
El Mirage,Arizona,2015,205.1,0.019502681618722574,0.009751340809361287,0.009751340809361287,-0.0219405168210629
El Mirage,Arizona,2016,205.1,0.0,-0.007313505607020965,-0.034129692832764506,-0.02437835202340322
El Mirage,Arizona,2017,205.1,0.009751340809361287,0.0048756704046806435,-0.02925402242808386,0.0
El Mirage,Arizona,2018,205.1,-0.03900536323744515,-0.0438810336421258,-0.0438810336421258,-0.03900536323744515
El Mirage,Arizona,2019,205.1,,,,
El Mirage,Arizona,2020,205.1,,,,
Escambia,Florida,2011,178.5,0.0,-0.0056022408963585435,-0.0056022408963585435,-0.0056022408963585435
Escambia,Florida,2012,178.5,-0.011204481792717087,-0.011204481792717087,-0.04481792717086835,-0.0056022408963585435
Escambia,Florida,2013,178.5,-0.011204481792717087,0.0,-0.022408963585434174,-0.03361344537815126
Escambia,Florida,2014,178.5,-0.022408963585434174,-0.011204481792717087,0.028011204481792718,0.0
Escambia,Florida,2015,178.5,0.011204481792717087,0.01680672268907563,-0.0056022408963585435,0.0
Escambia,Florida,2016,178.5,0.0056022408963585435,-0.011204481792717087,0.0056022408963585435,-0.0392156862745098
Escambia,Florida,2017,178.5,0.011204481792717087,0.0056022408963585435,0.07282913165266107,0.011204481792717087
Escambia,Florida,2018,178.5,0.0,0.0,0.0,0.0056022408963585435
Escambia,Florida,2019,178.5,,,,
Escambia,Florida,2020,178.5,,,,
Flagstaff,Arizona,2011,127.4,-0.14913657770800628,-0.1726844583987441,-0.19623233908948193,-0.25902668759811615
Flagstaff,Arizona,2012,127.4,-0.18053375196232338,-0.19623233908948193,-0.2119309262166405,-0.22762951334379905
Flagstaff,Arizona,2013,127.4,0.03139717425431711,0.03924646781789639,0.02354788069073783,0.02354788069073783
Flagstaff,Arizona,2014,127.4,-0.1334379905808477,-0.14128728414442698,-0.054945054945054944,-0.054945054945054944
Flagstaff,Arizona,2015,127.4,-0.02354788069073783,-0.04709576138147566,-0.1334379905808477,-0.15698587127158556
Flagstaff,Arizona,2016,127.4,0.015698587127158554,-0.03139717425431711,-0.015698587127158554,-0.007849293563579277
Flagstaff,Arizona,2017,127.4,-0.015698587127158554,0.015698587127158554,,
Flagstaff,Arizona,2018,127.4,-0.015698587127158554,0.007849293563579277,0.015698587127158554,0.02354788069073783
Flagstaff,Arizona,2019,127.4,,,,
Flagstaff,Arizona,2020,127.4,,,,
Florence,Arizona,2011,196.2,-0.0050968399592252805,-0.010193679918450561,0.0,-0.0025484199796126403
Florence,Arizona,2012,196.2,0.010193679918450561,0.0050968399592252805,0.0,-0.010193679918450561
Florence,Arizona,2013,196.2,0.0,-0.012742099898063202,-0.012742099898063202,-0.0050968399592252805
Florence,Arizona,2014,196.2,-0.0050968399592252805,0.010193679918450561,-0.0050968399592252805,-0.015290519877675842
Florence,Arizona,2015,196.2,0.025484199796126403,0.015290519877675842,0.015290519877675842,-0.025484199796126403
Florence,Arizona,2016,196.2,0.0050968399592252805,-0.010193679918450561,-0.030581039755351685,-0.0050968399592252805
Florence,Arizona,2017,196.2,0.0,0.010193679918450561,-0.0050968399592252805,0.0025484199796126403
Florence,Arizona,2018,196.2,0.0,0.0,-0.01783893985728848,-0.03567787971457696
Florence,Arizona,2019,196.2,,,,
Florence,Arizona,2020,196.2,,,,
Flowing Wells,Arizona,2011,185.8,0.005382131324004305,0.0,0.016146393972012917,-0.01076426264800861
Flowing Wells,Arizona,2012,185.8,0.005382131324004305,0.02152852529601722,0.02152852529601722,0.0
Flowing Wells,Arizona,2013,185.8,0.0,-0.01076426264800861,0.0,-0.005382131324004305
Flowing Wells,Arizona,2014,185.8,-0.005382131324004305,0.0,0.0,-0.01076426264800861
Flowing Wells,Arizona,2015,185.8,0.01076426264800861,0.0,0.0,0.0
Flowing Wells,Arizona,2016,185.8,0.005382131324004305,0.06458557588805167,0.016146393972012917,0.0
Flowing Wells,Arizona,2017,185.8,-0.01076426264800861,-0.01076426264800861,-0.005382131324004305,0.005382131324004305
Flowing Wells,Arizona,2018,185.8,0.0,0.0,0.0,0.0
Flowing Wells,Arizona,2019,185.8,,,,
Flowing Wells,Arizona,2020,185.8,,,,
Fountain Hills,Arizona,2011,203.1,-0.014771048744460858,0.002461841457410143,0.0,-0.002461841457410143
Fountain Hills,Arizona,2012,203.1,0.004923682914820286,0.009847365829640572,-0.02708025603151157,-0.022156573116691287
Fountain Hills,Arizona,2013,203.1,0.014771048744460858,0.007385524372230429,-0.002461841457410143,-0.009847365829640572
Fountain Hills,Arizona,2014,203.1,0.014771048744460858,0.024618414574101428,-0.004923682914820286,-0.032003938946331856
Fountain Hills,Arizona,2015,203.1,0.024618414574101428,0.019694731659281144,0.014771048744460858,-0.017232890201871
Fountain Hills,Arizona,2016,203.1,-0.004923682914820286,-0.014771048744460858,-0.032003938946331856,-0.034465780403742
Fountain Hills,Arizona,2017,203.1,0.014771048744460858,0.024618414574101428,0.014771048744460858,-0.019694731659281144
Fountain Hills,Arizona,2018,203.1,0.0,-0.009847365829640572,-0.009847365829640572,0.004923682914820286
Fountain Hills,Arizona,2019,203.1,,,,
Fountain Hills,Arizona,2020,203.1,,,,
Fresno,California,2011,168.1,-0.005948839976204641,0.03569303985722784,0.03569303985722784,-0.011897679952409281
Fresno,California,2012,168.1,0.011897679952409281,-0.005948839976204641,0.11302795954788816,-0.14277215942891136
Fresno,California,2013,168.1,-0.005948839976204641,0.005948839976204641,-0.0297441998810232,-0.005948839976204641
Fresno,California,2014,168.1,0.01784651992861392,-0.005948839976204641,0.06543723973825104,0.011897679952409281
Fresno,California,2015,168.1,-0.0297441998810232,-0.011897679952409281,0.023795359904818562,0.011897679952409281
Fresno,California,2016,168.1,0.0,0.011897679952409281,-0.011897679952409281,0.01784651992861392
Fresno,California,2017,168.1,0.011897679952409281,-0.023795359904818562,-0.005948839976204641,-0.011897679952409281
Fresno,California,2018,168.1,0.0,0.0,0.0297441998810232,0.0297441998810232
Fresno,California,2019,168.1,,,,
Fresno,California,2020,168.1,,,,
Gadsden,Florida,2011,182.4,0.005482456140350877,0.005482456140350877,0.03289473684210526,-0.021929824561403508
Gadsden,Florida,2012,182.4,-0.005482456140350877,0.010964912280701754,-0.01644736842105263,0.0
Gadsden,Florida,2013,182.4,0.005482456140350877,0.0,-0.005482456140350877,-0.0027412280701754384
Gadsden,Florida,2014,182.4,-0.043859649122807015,-0.010964912280701754,0.0,0.027412280701754384
Gadsden,Florida,2015,182.4,0.0,0.0,0.005482456140350877,-0.005482456140350877
Gadsden,Florida,2016,182.4,-0.005482456140350877,0.005482456140350877,0.01644736842105263,0.005482456140350877
Gadsden,Florida,2017,182.4,0.005482456140350877,0.005482456140350877,0.010964912280701754,0.010964912280701754
Gadsden,Florida,2018,182.4,0.0,0.0,0.0,0.0
Gadsden,Florida,2019,182.4,,,,
Gadsden,Florida,2020,182.4,,,,
Gilbert,Arizona,2011,197.5,-0.020253164556962026,-0.005063291139240506,-0.007594936708860759,-0.005063291139240506
Gilbert,Arizona,2012,197.5,0.005063291139240506,0.010126582278481013,0.005063291139240506,-0.012658227848101266
Gilbert,Arizona,2013,197.5,-0.005063291139240506,-0.005063291139240506,-0.015189873417721518,-0.010126582278481013
Gilbert,Arizona,2014,197.5,-0.005063291139240506,0.005063291139240506,-0.005063291139240506,-0.015189873417721518
Gilbert,Arizona,2015,197.5,0.020253164556962026,0.015189873417721518,0.030379746835443037,0.0
Gilbert,Arizona,2016,197.5,-0.015189873417721518,-0.015189873417721518,-0.030379746835443037,0.005063291139240506
Gilbert,Arizona,2017,197.5,-0.005063291139240506,-0.005063291139240506,-0.005063291139240506,-0.002531645569620253
Gilbert,Arizona,2018,197.5,0.0,-0.010126582278481013,-0.020253164556962026,-0.010126582278481013
Gilbert,Arizona,2019,197.5,,,,
Gilbert,Arizona,2020,197.5,,,,
Glendale,Arizona,2011,203.2,0.0,0.0024606299212598425,-0.0024606299212598425,0.0
Glendale,Arizona,2012,203.2,-0.027066929133858268,-0.007381889763779528,-0.012303149606299213,-0.01968503937007874
Glendale,Arizona,2013,203.2,-0.004921259842519685,0.004921259842519685,0.004921259842519685,0.0
Glendale,Arizona,2014,203.2,0.0,0.004921259842519685,-0.0172244094488189,0.0
Glendale,Arizona,2015,203.2,0.004921259842519685,0.00984251968503937,0.004921259842519685,-0.00984251968503937
Glendale,Arizona,2016,203.2,0.004921259842519685,-0.0024606299212598425,-0.01640419947506562,-0.029527559055118113
Glendale,Arizona,2017,203.2,0.004921259842519685,0.0,-0.007381889763779528,-0.007381889763779528
Glendale,Arizona,2018,203.2,0.0,-0.00984251968503937,-0.00984251968503937,-0.00984251968503937
Glendale,Arizona,2019,203.2,,,,
Glendale,Arizona,2020,203.2,,,,
Glenn,California,2011,158.4,0.01893939393939394,0.04419191919191919,0.01893939393939394,-0.03156565656565657
Glenn,California,2012,158.4,0.006313131313131313,0.0,0.15782828282828282,-0.012626262626262626
Glenn,California,2013,158.4,0.006313131313131313,-0.01893939393939394,-0.01893939393939394,0.0
Glenn,California,2014,158.4,0.0,-0.01893939393939394,-0.01893939393939394,-0.01893939393939394
Glenn,California,2015,158.4,0.06313131313131314,-0.01893939393939394,-0.012626262626262626,-0.025252525252525252
Glenn,California,2016,158.4,0.012626262626262626,-0.01893939393939394,-0.03156565656565657,0.006313131313131313
Glenn,California,2017,158.4,0.0,-0.006313131313131313,0.0,-0.012626262626262626
Glenn,California,2018,158.4,0.0,0.0,0.0,0.01893939393939394
Glenn,California,2019,158.4,,,,
Glenn,California,2020,158.4,,,,
Goodyear,Arizona,2011,201.8,-0.014866204162537165,-0.009910802775024777,-0.012388503468780971,-0.012388503468780971
Goodyear,Arizona,2012,201.8,-0.02973240832507433,-0.022299306243805748,-0.022299306243805748,-0.02973240832507433
Goodyear,Arizona,2013,201.8,-0.014866204162537165,0.002477700693756194,-0.004955401387512388,0.0
Goodyear,Arizona,2014,201.8,0.004955401387512388,0.009910802775024777,-0.06194251734390485,-0.049554013875123884
Goodyear,Arizona,2015,201.8,0.014866204162537165,0.004955401387512388,0.009910802775024777,-0.004955401387512388
Goodyear,Arizona,2016,201.8,0.014866204162537165,0.0,-0.022299306243805748,-0.024777006937561942
Goodyear,Arizona,2017,201.8,-0.014866204162537165,-0.009910802775024777,-0.014866204162537165,-0.024777006937561942
Goodyear,Arizona,2018,201.8,0.0,-0.024777006937561942,-0.05450941526263627,-0.049554013875123884
Goodyear,Arizona,2019,201.8,,,,
Goodyear,Arizona,2020,201.8,,,,
Green Valley,Arizona,2011,180.6,0.016611295681063124,0.01107419712070875,-0.0221483942414175,-0.01107419712070875
Green Valley,Arizona,2012,180.6,-0.005537098560354375,0.01107419712070875,-0.005537098560354375,0.0
Green Valley,Arizona,2013,180.6,0.0221483942414175,-0.005537098560354375,-0.01107419712070875,-0.01107419712070875
Green Valley,Arizona,2014,180.6,0.005537098560354375,0.0,0.005537098560354375,0.0
Green Valley,Arizona,2015,180.6,-0.016611295681063124,0.005537098560354375,0.044296788482835,0.0221483942414175
Green Valley,Arizona,2016,180.6,0.0,0.0221483942414175,0.01107419712070875,-0.005537098560354375
Green Valley,Arizona,2017,180.6,0.005537098560354375,0.0,-0.01107419712070875,-0.005537098560354375
Green Valley,Arizona,2018,180.6,0.0,0.0,0.0,-0.03322259136212625
Green Valley,Arizona,2019,180.6,,,,
Green Valley,Arizona,2020,180.6,,,,
Hidalgo,Texas,2011,231.9,0.008624407072013798,0.004312203536006899,0.021561017680034496,0.0
Hidalgo,Texas,2012,231.9,0.03880983182406209,0.05174644243208279,0.004312203536006899,0.008624407072013798
Hidalgo,Texas,2013,231.9,-0.004312203536006899,0.021561017680034496,-0.019404915912031046,0.03449762828805519
Hidalgo,Texas,2014,231.9,-0.056058645968089696,-0.030185424752048298,-0.004312203536006899,-0.012936610608020697
Hidalgo,Texas,2015,231.9,-0.012936610608020697,0.004312203536006899,0.021561017680034496,0.015092712376024149
Hidalgo,Texas,2016,231.9,0.017248814144027597,0.012936610608020697,0.025873221216041395,-0.025873221216041395
Hidalgo,Texas,2017,231.9,-0.008624407072013798,0.04743423889607589,0.04312203536006899,-0.012936610608020697
Hidalgo,Texas,2018,231.9,0.0,0.0,0.0,-0.010780508840017248
Hidalgo,Texas,2019,231.9,,,,
Hidalgo,Texas,2020,231.9,,,,
Hillsborough,Florida,2011,221.6,0.049638989169675095,0.0,0.006768953068592058,-0.013537906137184115
Hillsborough,Florida,2012,221.6,-0.018050541516245487,0.009025270758122744,-0.004512635379061372,0.009025270758122744
Hillsborough,Florida,2013,221.6,-0.009025270758122744,-0.02256317689530686,-0.002256317689530686,-0.013537906137184115
Hillsborough,Florida,2014,221.6,-0.004512635379061372,-0.004512635379061372,-0.009025270758122744,0.009025270758122744
Hillsborough,Florida,2015,221.6,0.0,0.0,-0.036101083032490974,-0.004512635379061372
Hillsborough,Florida,2016,221.6,0.013537906137184115,0.009025270758122744,0.004512635379061372,-0.002256317689530686
Hillsborough,Florida,2017,221.6,0.0,0.004512635379061372,0.09476534296028881,0.0
Hillsborough,Florida,2018,221.6,0.0,0.0,0.0,0.0
Hillsborough,Florida,2019,221.6,,,,
Hillsborough,Florida,2020,221.6,,,,
Holmes,Florida,2011,179.3,0.005577244841048522,0.0,0.011154489682097044,-0.005577244841048522
Holmes,Florida,2012,179.3,-0.011154489682097044,-0.022308979364194088,-0.03346346904629113,-0.011154489682097044
Holmes,Florida,2013,179.3,-0.005577244841048522,0.0,-0.005577244841048522,0.0
Holmes,Florida,2014,179.3,0.0,-0.005577244841048522,0.011154489682097044,0.03346346904629113
Holmes,Florida,2015,179.3,-0.005577244841048522,0.0,0.0,0.005577244841048522
Holmes,Florida,2016,179.3,0.005577244841048522,0.011154489682097044,0.005577244841048522,0.0
Holmes,Florida,2017,179.3,0.005577244841048522,-0.005577244841048522,0.005577244841048522,0.011154489682097044
Holmes,Florida,2018,179.3,0.0,0.0,0.0,0.0
Holmes,Florida,2019,179.3,,,,
Holmes,Florida,2020,179.3,,,,
Imperial,California,2011,196.3,-0.035659704533876714,-0.14263881813550686,-0.15792154865002547,
Imperial,California,2012,196.3,-0.012735608762098827,0.005094243504839531,-0.005094243504839531,-0.025471217524197655
Imperial,California,2013,196.3,0.09679062659195109,0.025471217524197655,0.0,-0.15282730514518594
Imperial,California,2014,196.3,-0.015282730514518592,-0.0662251655629139,-0.0891492613346918,-0.11207335710646968
Imperial,California,2015,196.3,-0.010188487009679063,-0.015282730514518592,-0.015282730514518592,-0.010188487009679063
Imperial,California,2016,196.3,-0.1400916963830871,-0.15792154865002547,-0.030565461029037184,-0.030565461029037184
Imperial,California,2017,196.3,-0.020376974019358125,-0.08405501782985227,-0.15282730514518594,-0.13754457463066733
Imperial,California,2018,196.3,-0.2139582272032603,-0.2292409577177789,-0.13754457463066733,-0.14263881813550686
Imperial,California,2019,196.3,,,,
Imperial,California,2020,196.3,,,,
Inyo,California,2011,145.9,0.09595613433858807,0.07539410555174778,0.027416038382453736,0.0
Inyo,California,2012,145.9,0.027416038382453736,0.006854009595613434,0.0,0.0205620287868403
Inyo,California,2013,145.9,-0.0205620287868403,0.0,-0.0205620287868403,-0.013708019191226868
Inyo,California,2014,145.9,0.047978067169294036,-0.047978067169294036,-0.006854009595613434,-0.0411240575736806
Inyo,California,2015,145.9,-0.0205620287868403,0.006854009595613434,0.0411240575736806,0.0
Inyo,California,2016,145.9,0.0411240575736806,-0.0205620287868403,-0.0411240575736806,0.0
Inyo,California,2017,145.9,-0.006854009595613434,-0.047978067169294036,-0.03427004797806717,-0.0411240575736806
Inyo,California,2018,145.9,0.0,0.0205620287868403,0.0411240575736806,0.0411240575736806
Inyo,California,2019,145.9,,,,
Inyo,California,2020,145.9,,,,
Jefferson,Florida,2011,183.5,0.005449591280653951,0.005449591280653951,0.0,-0.010899182561307902
Jefferson,Florida,2012,183.5,0.0,-0.005449591280653951,-0.021798365122615803,-0.027247956403269755
Jefferson,Florida,2013,183.5,0.021798365122615803,0.005449591280653951,0.0,0.0027247956403269754
Jefferson,Florida,2014,183.5,-0.0326975476839237,-0.010899182561307902,-0.010899182561307902,-0.01634877384196185
Jefferson,Florida,2015,183.5,-0.005449591280653951,-0.010899182561307902,-0.005449591280653951,-0.010899182561307902
Jefferson,Florida,2016,183.5,-0.005449591280653951,-0.027247956403269755,-0.005449591280653951,-0.005449591280653951
Jefferson,Florida,2017,183.5,0.0,-0.010899182561307902,-0.005449591280653951,0.0
Jefferson,Florida,2018,183.5,0.0,0.0,0.0,0.0
Jefferson,Florida,2019,183.5,,,,
Jefferson,Florida,2020,183.5,,,,
Kern,California,2011,160.5,-0.012461059190031152,0.0,0.0,-0.03115264797507788
Kern,California,2012,160.5,0.03115264797507788,0.006230529595015576,-0.024922118380062305,0.018691588785046728
Kern,California,2013,160.5,0.04361370716510903,-0.006230529595015576,-0.006230529595015576,-0.024922118380062305
Kern,California,2014,160.5,0.012461059190031152,-0.006230529595015576,-0.006230529595015576,0.012461059190031152
Kern,California,2015,160.5,-0.018691588785046728,-0.018691588785046728,0.012461059190031152,-0.012461059190031152
Kern,California,2016,160.5,0.03115264797507788,-0.006230529595015576,0.006230529595015576,-0.012461059190031152
Kern,California,2017,160.5,0.09345794392523364,-0.024922118380062305,-0.04361370716510903,-0.06853582554517133
Kern,California,2018,160.5,0.0,0.0,0.0,-0.07476635514018691
Kern,California,2019,160.5,,,,
Kern,California,2020,160.5,,,,
Kingman,Arizona,2011,153.8,-0.02600780234070221,-0.03250975292587776,-0.013003901170351105,-0.03250975292587776
Kingman,Arizona,2012,153.8,-0.013003901170351105,0.03901170351105331,0.006501950585175552,-0.013003901170351105
Kingman,Arizona,2013,153.8,-0.06501950585175552,-0.03901170351105331,-0.013003901170351105,-0.03250975292587776
Kingman,Arizona,2014,153.8,-0.045513654096228866,-0.019505851755526656,0.013003901170351105,0.006501950585175552
Kingman,Arizona,2015,153.8,-0.019505851755526656,0.013003901170351105,0.05851755526657997,0.013003901170351105
Kingman,Arizona,2016,153.8,0.0,-0.019505851755526656,0.006501950585175552,-0.03901170351105331
Kingman,Arizona,2017,153.8,-0.019505851755526656,0.0,-0.03901170351105331,-0.045513654096228866
Kingman,Arizona,2018,153.8,0.0,0.0,0.0,0.045513654096228866
Kingman,Arizona,2019,153.8,,,,
Kingman,Arizona,2020,153.8,,,,
Kings,California,2011,164.8,-0.012135922330097087,0.0,0.0,-0.006067961165048544
Kings,California,2012,164.8,0.006067961165048544,-0.006067961165048544,-0.04854368932038835,-0.10922330097087378
Kings,California,2013,164.8,0.0,0.006067961165048544,-0.024271844660194174,-0.006067961165048544
Kings,California,2014,164.8,0.006067961165048544,-0.01820388349514563,-0.01820388349514563,0.012135922330097087
Kings,California,2015,164.8,-0.01820388349514563,-0.01820388349514563,0.012135922330097087,0.006067961165048544
Kings,California,2016,164.8,-0.012135922330097087,-0.006067961165048544,-0.024271844660194174,-0.006067961165048544
Kings,California,2017,164.8,-0.006067961165048544,-0.04854368932038835,-0.01820388349514563,-0.024271844660194174
Kings,California,2018,164.8,0.0,0.01820388349514563,0.030339805825242715,0.012135922330097087
Kings,California,2019,164.8,,,,
Kings,California,2020,164.8,,,,
Kings,New York,2011,149.6,-0.0066844919786096255,0.013368983957219251,0.020053475935828877,0.0066844919786096255
Kings,New York,2012,149.6,-0.020053475935828877,0.03342245989304813,0.013368983957219251,0.04679144385026738
Kings,New York,2013,149.6,0.020053475935828877,0.0066844919786096255,-0.0033422459893048127,0.0066844919786096255
Kings,New York,2014,149.6,-0.0066844919786096255,-0.020053475935828877,0.0066844919786096255,-0.08021390374331551
Kings,New York,2015,149.6,0.040106951871657755,-0.0066844919786096255,0.013368983957219251,0.0
Kings,New York,2016,149.6,-0.013368983957219251,0.013368983957219251,0.053475935828877004,-0.04679144385026738
Kings,New York,2017,149.6,0.040106951871657755,0.053475935828877004,0.03342245989304813,0.03342245989304813
Kings,New York,2018,149.6,0.0,0.013368983957219251,0.07352941176470588,0.08021390374331551
Kings,New York,2019,149.6,,,,
Kings,New York,2020,149.6,,,,
Lake Havasu City,Arizona,2011,196.1,-0.007649158592554819,-0.005099439061703213,0.010198878123406425,0.0
Lake Havasu City,Arizona,2012,196.1,0.012748597654258032,-0.015298317185109638,-0.02039775624681285,-0.025497195308516064
Lake Havasu City,Arizona,2013,196.1,0.0025497195308516064,-0.02039775624681285,-0.02039775624681285,-0.030596634370219276
Lake Havasu City,Arizona,2014,196.1,-0.010198878123406425,-0.02039775624681285,-0.02039775624681285,-0.02039775624681285
Lake Havasu City,Arizona,2015,196.1,0.010198878123406425,-0.012748597654258032,-0.030596634370219276,-0.010198878123406425
Lake Havasu City,Arizona,2016,196.1,-0.010198878123406425,-0.010198878123406425,-0.010198878123406425,-0.010198878123406425
Lake Havasu City,Arizona,2017,196.1,-0.007649158592554819,-0.02294747577766446,-0.025497195308516064,-0.06629270780214176
Lake Havasu City,Arizona,2018,196.1,-0.030596634370219276,-0.030596634370219276,-0.025497195308516064,-0.025497195308516064
Lake Havasu City,Arizona,2019,196.1,,,,
Lake Havasu City,Arizona,2020,196.1,,,,
Lake,California,2011,139.2,0.0,-0.007183908045977012,0.10057471264367816,-0.06465517241379311
Lake,California,2012,139.2,0.007183908045977012,0.0,0.0,
Lake,California,2013,139.2,0.0,-0.007183908045977012,0.1149425287356322,
Lake,California,2014,139.2,0.10775862068965518,0.0,0.05028735632183908,
Lake,California,2015,139.2,-0.021551724137931036,-0.021551724137931036,-0.014367816091954025,0.007183908045977012
Lake,California,2016,139.2,-0.02873563218390805,-0.021551724137931036,-0.007183908045977012,0.04310344827586207
Lake,California,2017,139.2,0.007183908045977012,0.007183908045977012,0.007183908045977012,-0.0574712643678161
Lake,California,2018,139.2,0.0,0.0,0.0,0.014367816091954025
Lake,California,2019,139.2,,,,
Lake,California,2020,139.2,,,,
Lee,Florida,2011,213.0,0.018779342723004695,0.009389671361502348,0.018779342723004695,0.03286384976525822
Lee,Florida,2012,213.0,-0.004694835680751174,-0.009389671361502348,-0.014084507042253521,0.004694835680751174
Lee,Florida,2013,213.0,0.004694835680751174,-0.023474178403755867,-0.014084507042253521,0.004694835680751174
Lee,Florida,2014,213.0,0.018779342723004695,-0.009389671361502348,-0.014084507042253521,-0.004694835680751174
Lee,Florida,2015,213.0,-0.009389671361502348,-0.014084507042253521,-0.018779342723004695,0.004694835680751174
Lee,Florida,2016,213.0,-0.004694835680751174,0.009389671361502348,0.0,-0.009389671361502348
Lee,Florida,2017,213.0,-0.018779342723004695,-0.014084507042253521,0.018779342723004695,0.028169014084507043
Lee,Florida,2018,213.0,0.0,0.0,0.0,0.0
Lee,Florida,2019,213.0,,,,
Lee,Florida,2020,213.0,,,,
Liberty,Florida,2011,181.9,0.016492578339747113,0.0,0.016492578339747113,-0.02748763056624519
Liberty,Florida,2012,181.9,0.0,0.0,-0.016492578339747113,-0.016492578339747113
Liberty,Florida,2013,181.9,-0.005497526113249038,-0.005497526113249038,-0.010995052226498075,0.002748763056624519
Liberty,Florida,2014,181.9,-0.016492578339747113,-0.010995052226498075,-0.005497526113249038,0.02748763056624519
Liberty,Florida,2015,181.9,-0.010995052226498075,-0.005497526113249038,-0.005497526113249038,-0.005497526113249038
Liberty,Florida,2016,181.9,-0.005497526113249038,-0.005497526113249038,0.016492578339747113,0.005497526113249038
Liberty,Florida,2017,181.9,0.0,0.0,0.0,0.010995052226498075
Liberty,Florida,2018,181.9,0.0,0.0,0.0,0.0
Liberty,Florida,2019,181.9,,,,
Liberty,Florida,2020,181.9,,,,
Los Angeles,California,2011,168.6,0.017793594306049824,0.0,0.02372479240806643,0.02372479240806643
Los Angeles,California,2012,168.6,0.011862396204033215,-0.005931198102016607,0.1601423487544484,0.04744958481613286
Los Angeles,California,2013,168.6,-0.005931198102016607,0.02372479240806643,-0.06524317912218268,0.05338078291814947
Los Angeles,California,2014,168.6,0.011862396204033215,0.02965599051008304,0.12455516014234876,-0.011862396204033215
Los Angeles,California,2015,168.6,-0.017793594306049824,-0.011862396204033215,-0.011862396204033215,0.0
Los Angeles,California,2016,168.6,0.011862396204033215,0.10083036773428233,-0.02965599051008304,-0.011862396204033215
Los Angeles,California,2017,168.6,0.011862396204033215,0.04151838671411625,-0.005931198102016607,-0.017793594306049824
Los Angeles,California,2018,168.6,0.0,0.0,0.017793594306049824,0.04151838671411625
Los Angeles,California,2019,168.6,,,,
Los Angeles,California,2020,168.6,,,,
Madera,California,2011,145.2,0.006887052341597796,0.006887052341597796,0.04132231404958678,0.0
Madera,California,2012,145.2,0.006887052341597796,0.013774104683195593,-0.027548209366391185,-0.048209366391184574
Madera,California,2013,145.2,-0.02066115702479339,-0.013774104683195593,0.027548209366391185,0.006887052341597796
Madera,California,2014,145.2,-0.006887052341597796,0.0,-0.006887052341597796,0.11707988980716254
Madera,California,2015,145.2,-0.02066115702479339,-0.02066115702479339,-0.013774104683195593,0.0
Madera,California,2016,145.2,-0.03443526170798898,-0.02066115702479339,-0.02066115702479339,0.0
Madera,California,2017,145.2,-0.03443526170798898,-0.03443526170798898,-0.006887052341597796,-0.013774104683195593
Madera,California,2018,145.2,0.0,0.0,0.0,-0.02066115702479339
Madera,California,2019,145.2,,,,
Madera,California,2020,145.2,,,,
Madison,Florida,2011,186.7,0.010712372790573113,0.005356186395286557,0.026780931976432783,0.010712372790573113
Madison,Florida,2012,186.7,0.005356186395286557,0.0,0.010712372790573113,0.0
Madison,Florida,2013,186.7,0.048205677557579006,0.010712372790573113,0.005356186395286557,0.010712372790573113
Madison,Florida,2014,186.7,-0.026780931976432783,0.0,0.0,0.0
Madison,Florida,2015,186.7,0.0,0.0,0.0,-0.005356186395286557
Madison,Florida,2016,186.7,-0.010712372790573113,-0.053561863952865565,-0.010712372790573113,-0.016068559185859668
Madison,Florida,2017,186.7,-0.005356186395286557,-0.005356186395286557,-0.016068559185859668,-0.008034279592929834
Madison,Florida,2018,186.7,0.0,0.0,0.0,0.0
Madison,Florida,2019,186.7,,,,
Madison,Florida,2020,186.7,,,,
Manatee,Florida,2011,224.5,0.008908685968819599,0.0,0.0,-0.0022271714922048997
Manatee,Florida,2012,224.5,-0.008908685968819599,0.008908685968819599,0.0022271714922048997,0.008908685968819599
Manatee,Florida,2013,224.5,0.008908685968819599,0.0,-0.0066815144766146995,-0.013363028953229399
Manatee,Florida,2014,224.5,-0.004454342984409799,-0.017817371937639197,-0.04899777282850779,-0.013363028953229399
Manatee,Florida,2015,224.5,0.004454342984409799,0.0,-0.013363028953229399,-0.008908685968819599
Manatee,Florida,2016,224.5,0.013363028953229399,-0.004454342984409799,-0.004454342984409799,0.0
Manatee,Florida,2017,224.5,-0.004454342984409799,-0.004454342984409799,-0.022271714922048998,0.004454342984409799
Manatee,Florida,2018,224.5,0.0,0.0,-0.008908685968819599,0.0
Manatee,Florida,2019,224.5,,,,
Manatee,Florida,2020,224.5,,,,
Marin,California,2011,144.0,0.0,0.0,0.020833333333333332,0.2847222222222222
Marin,California,2012,144.0,0.020833333333333332,0.027777777777777776,0.05555555555555555,
Marin,California,2013,144.0,0.006944444444444444,0.1111111111111111,0.1111111111111111,
Marin,California,2014,144.0,0.013888888888888888,0.1597222222222222,0.034722222222222224,0.027777777777777776
Marin,California,2015,144.0,0.027777777777777776,0.09027777777777778,0.10416666666666667,
Marin,California,2016,144.0,0.14583333333333334,0.013888888888888888,0.041666666666666664,
Marin,California,2017,144.0,-0.034722222222222224,0.13194444444444445,0.3263888888888889,0.05555555555555555
Marin,California,2018,144.0,0.0,0.0,0.0,0.1111111111111111
Marin,California,2019,144.0,,,,
Marin,California,2020,144.0,,,,
Martin,Florida,2011,230.9,0.0043308791684712,0.0,0.0173235166738848,0.12126461671719359
Martin,Florida,2012,230.9,-0.021654395842355997,-0.0086617583369424,-0.0043308791684712,0.0129926375054136
Martin,Florida,2013,230.9,0.0086617583369424,-0.0173235166738848,-0.0173235166738848,-0.0043308791684712
Martin,Florida,2014,230.9,0.0173235166738848,-0.0129926375054136,-0.0129926375054136,-0.0086617583369424
Martin,Florida,2015,230.9,0.0086617583369424,0.0043308791684712,0.0086617583369424,-0.0259852750108272
Martin,Florida,2016,230.9,0.0043308791684712,-0.0043308791684712,0.0043308791684712,-0.0086617583369424
Martin,Florida,2017,230.9,0.0,-0.0043308791684712,0.030316154179298397,0.0173235166738848
Martin,Florida,2018,230.9,0.0,0.0,0.0,0.0
Martin,Florida,2019,230.9,,,,
Martin,Florida,2020,230.9,,,,
Merced,California,2011,164.7,0.024286581663630846,0.07893139040680025,0.012143290831815423,0.0
Merced,California,2012,164.7,0.012143290831815423,0.0060716454159077116,-0.030358227079538558,-0.0060716454159077116
Merced,California,2013,164.7,0.012143290831815423,-0.03642987249544627,-0.012143290831815423,-0.012143290831815423
Merced,California,2014,164.7,0.030358227079538558,0.0,0.024286581663630846,0.12143290831815423
Merced,California,2015,164.7,-0.04857316332726169,0.0,-0.0060716454159077116,0.0
Merced,California,2016,164.7,-0.0060716454159077116,0.0,0.018214936247723135,0.0060716454159077116
Merced,California,2017,164.7,0.012143290831815423,-0.0060716454159077116,-0.030358227079538558,0.012143290831815423
Merced,California,2018,164.7,0.0,0.0,0.012143290831815423,-0.0060716454159077116
Merced,California,2019,164.7,,,,
Merced,California,2020,164.7,,,,
Mercer,New Jersey,2011,146.9,-0.013614703880190605,-0.013614703880190605,-0.0068073519400953025,0.03403675970047651
Mercer,New Jersey,2012,146.9,-0.013614703880190605,0.013614703880190605,-0.02722940776038121,-0.04765146358066712
Mercer,New Jersey,2013,146.9,0.020422055820285907,0.013614703880190605,0.0034036759700476512,0.0
Mercer,New Jersey,2014,146.9,0.020422055820285907,0.02722940776038121,0.03403675970047651,0.09530292716133423
Mercer,New Jersey,2015,146.9,0.013614703880190605,0.0068073519400953025,0.013614703880190605,-0.04765146358066712
Mercer,New Jersey,2016,146.9,0.06126616746085772,0.03403675970047651,0.02722940776038121,-0.013614703880190605
Mercer,New Jersey,2017,146.9,-0.013614703880190605,-0.04084411164057181,-0.020422055820285907,-0.02722940776038121
Mercer,New Jersey,2018,146.9,0.0,0.02722940776038121,0.013614703880190605,0.013614703880190605
Mercer,New Jersey,2019,146.9,,,,
Mercer,New Jersey,2020,146.9,,,,
Mesa,Arizona,2011,198.8,-0.0176056338028169,-0.005030181086519115,-0.007545271629778672,-0.01006036217303823
Mesa,Arizona,2012,198.8,0.02515090543259557,0.015090543259557344,0.0,-0.007545271629778672
Mesa,Arizona,2013,198.8,0.0,-0.007545271629778672,-0.015090543259557344,-0.012575452716297786
Mesa,Arizona,2014,198.8,-0.005030181086519115,0.005030181086519115,-0.005030181086519115,-0.01006036217303823
Mesa,Arizona,2015,198.8,0.01006036217303823,0.01006036217303823,0.02012072434607646,-0.01006036217303823
Mesa,Arizona,2016,198.8,-0.01006036217303823,-0.02012072434607646,-0.23641851106639838,0.005030181086519115
Mesa,Arizona,2017,198.8,0.0,0.01006036217303823,0.0,0.0
Mesa,Arizona,2018,198.8,0.0,-0.01006036217303823,-0.02012072434607646,-0.015090543259557344
Mesa,Arizona,2019,198.8,,,,
Mesa,Arizona,2020,198.8,,,,
Miami-Dade,Florida,2011,263.9,-0.011367942402425162,0.007578628268283441,-0.0037893141341417205,-0.015157256536566882
Miami-Dade,Florida,2012,263.9,0.011367942402425162,0.011367942402425162,0.026525198938992044,0.011367942402425162
Miami-Dade,Florida,2013,263.9,0.007578628268283441,0.0,-0.026525198938992044,-0.011367942402425162
Miami-Dade,Florida,2014,263.9,0.0037893141341417205,0.011367942402425162,0.007578628268283441,0.0
Miami-Dade,Florida,2015,263.9,0.0,-0.007578628268283441,-0.011367942402425162,-0.011367942402425162
Miami-Dade,Florida,2016,263.9,0.011367942402425162,0.022735884804850323,0.05683971201212581,0.022735884804850323
Miami-Dade,Florida,2017,263.9,0.0,-0.0037893141341417205,0.007578628268283441,-0.007578628268283441
Miami-Dade,Florida,2018,263.9,0.03220917014020463,0.0,0.0,0.0
Miami-Dade,Florida,2019,263.9,,,,
Miami-Dade,Florida,2020,263.9,,,,
Milwaukee,Wisconsin,2011,134.5,-0.01486988847583643,0.0,-0.007434944237918215,0.007434944237918215
Milwaukee,Wisconsin,2012,134.5,-0.022304832713754646,0.0,0.0,0.03717472118959108
Milwaukee,Wisconsin,2013,134.5,0.007434944237918215,0.007434944237918215,0.01486988847583643,0.02973977695167286
Milwaukee,Wisconsin,2014,134.5,-0.007434944237918215,-0.007434944237918215,0.022304832713754646,0.02973977695167286
Milwaukee,Wisconsin,2015,134.5,-0.03717472118959108,0.0,0.01486988847583643,0.02973977695167286
Milwaukee,Wisconsin,2016,134.5,-0.007434944237918215,-0.007434944237918215,0.0,0.0
Milwaukee,Wisconsin,2017,134.5,0.03717472118959108,-0.022304832713754646,-0.01486988847583643,0.007434944237918215
Milwaukee,Wisconsin,2018,134.5,-0.06691449814126393,-0.022304832713754646,0.007434944237918215,0.13382899628252787
Milwaukee,Wisconsin,2019,134.5,,,,
Milwaukee,Wisconsin,2020,134.5,,,,
Monmouth,New Jersey,2011,145.7,0.0068634179821551134,0.020590253946465343,0.020590253946465343,0.0960878517501716
Monmouth,New Jersey,2012,145.7,-0.013726835964310227,0.027453671928620454,0.03431708991077557,-0.013726835964310227
Monmouth,New Jersey,2013,145.7,0.020590253946465343,0.013726835964310227,0.0068634179821551134,0.020590253946465343
Monmouth,New Jersey,2014,145.7,0.0,0.0068634179821551134,0.013726835964310227,0.05490734385724091
Monmouth,New Jersey,2015,145.7,-0.013726835964310227,-0.0068634179821551134,0.0068634179821551134,0.0068634179821551134
Monmouth,New Jersey,2016,145.7,0.0480439258750858,0.041180507892930686,0.041180507892930686,-0.041180507892930686
Monmouth,New Jersey,2017,145.7,0.0,0.020590253946465343,0.020590253946465343,0.020590253946465343
Monmouth,New Jersey,2018,145.7,0.0,0.03431708991077557,0.020590253946465343,0.03431708991077557
Monmouth,New Jersey,2019,145.7,,,,
Monmouth,New Jersey,2020,145.7,,,,
Mono,California,2011,160.3,,,,
Mono,California,2012,160.3,,,,
Mono,California,2013,160.3,-0.09357454772301933,-0.1122894572676232,-0.13100436681222707,-0.14348097317529632
Mono,California,2014,160.3,,,,
Mono,California,2015,160.3,,,,
Mono,California,2016,160.3,,,,
Mono,California,2017,160.3,-0.1996257018091079,-0.21834061135371177,-0.23705552089831564,
Mono,California,2018,160.3,-0.037429819089207735,-0.0561447286338116,-0.07485963817841547,
Mono,California,2019,160.3,,,,
Mono,California,2020,160.3,,,,
Monterey,California,2011,120.1,-0.01665278934221482,-0.04995836802664447,-0.1582014987510408,-0.19150707743547046
Monterey,California,2012,120.1,0.0,0.0,-0.00832639467110741,-0.041631973355537054
Monterey,California,2013,120.1,-0.00832639467110741,-0.00832639467110741,0.024979184013322234,0.024979184013322234
Monterey,California,2014,120.1,0.06661115736885928,0.0749375520399667,0.24979184013322234,0.24979184013322234
Monterey,California,2015,120.1,0.0,0.0,0.00832639467110741,0.00832639467110741
Monterey,California,2016,120.1,-0.024979184013322234,-0.041631973355537054,-0.04995836802664447,-0.04995836802664447
Monterey,California,2017,120.1,0.024979184013322234,0.024979184013322234,0.01665278934221482,-0.024979184013322234
Monterey,California,2018,120.1,0.0,0.0,0.0,0.0
Monterey,California,2019,120.1,,,,
Monterey,California,2020,120.1,,,,
Morris,New Jersey,2011,138.5,0.021660649819494584,0.007220216606498195,0.0,0.0
Morris,New Jersey,2012,138.5,-0.007220216606498195,-0.01444043321299639,0.007220216606498195,0.02888086642599278
Morris,New Jersey,2013,138.5,-0.036101083032490974,-0.05054151624548736,-0.021660649819494584,-0.01444043321299639
Morris,New Jersey,2014,138.5,0.0,0.0,0.02888086642599278,0.1588447653429603
Morris,New Jersey,2015,138.5,-0.02888086642599278,-0.021660649819494584,-0.01444043321299639,0.0
Morris,New Jersey,2016,138.5,0.007220216606498195,0.021660649819494584,0.036101083032490974,0.036101083032490974
Morris,New Jersey,2017,138.5,0.01444043321299639,0.01444043321299639,0.05054151624548736,0.12274368231046931
Morris,New Jersey,2018,138.5,-0.01444043321299639,-0.007220216606498195,0.06498194945848375,0.05776173285198556
Morris,New Jersey,2019,138.5,,,,
Morris,New Jersey,2020,138.5,,,,
Napa,California,2011,141.5,0.04946996466431095,0.15547703180212014,0.2756183745583039,-0.007067137809187279
Napa,California,2012,141.5,0.014134275618374558,0.02120141342756184,0.07773851590106007,
Napa,California,2013,141.5,0.02120141342756184,0.028268551236749116,0.07773851590106007,
Napa,California,2014,141.5,0.1625441696113074,0.028268551236749116,0.04240282685512368,
Napa,California,2015,141.5,-0.02120141342756184,-0.007067137809187279,0.014134275618374558,0.014134275618374558
Napa,California,2016,141.5,-0.007067137809187279,0.0,0.014134275618374558,0.007067137809187279
Napa,California,2017,141.5,-0.007067137809187279,0.007067137809187279,0.007067137809187279,0.007067137809187279
Napa,California,2018,141.5,0.0,0.0,0.0,0.0
Napa,California,2019,141.5,,,,
Napa,California,2020,141.5,,,,
Nassau,New York,2011,145.9,0.006854009595613434,0.0205620287868403,0.0,0.0616860863605209
Nassau,New York,2012,145.9,-0.027416038382453736,0.07539410555174778,0.03427004797806717,0.0
Nassau,New York,2013,145.9,0.006854009595613434,0.006854009595613434,0.0,0.027416038382453736
Nassau,New York,2014,145.9,0.0,0.0,0.03427004797806717,0.1644962302947224
Nassau,New York,2015,145.9,-0.006854009595613434,-0.013708019191226868,0.006854009595613434,-0.03427004797806717
Nassau,New York,2016,145.9,0.006854009595613434,0.03427004797806717,-0.006854009595613434,-0.013708019191226868
Nassau,New York,2017,145.9,0.006854009595613434,0.047978067169294036,0.013708019191226868,0.03427004797806717
Nassau,New York,2018,145.9,0.0,0.027416038382453736,0.013708019191226868,-0.006854009595613434
Nassau,New York,2019,145.9,,,,
Nassau,New York,2020,145.9,,,,
New Hanover,North Carolina,2011,175.3,0.028522532800912718,0.005704506560182544,0.017113519680547633,-0.15402167712492867
New Hanover,North Carolina,2012,175.3,-0.017113519680547633,0.0,-0.022818026240730177,0.022818026240730177
New Hanover,North Carolina,2013,175.3,-0.011409013120365089,0.0,-0.011409013120365089,-0.022818026240730177
New Hanover,North Carolina,2014,175.3,0.011409013120365089,-0.005704506560182544,0.0,-0.011409013120365089
New Hanover,North Carolina,2015,175.3,0.011409013120365089,0.005704506560182544,-0.005704506560182544,-0.011409013120365089
New Hanover,North Carolina,2016,175.3,-0.011409013120365089,-0.028522532800912718,0.028522532800912718,-0.022818026240730177
New Hanover,North Carolina,2017,175.3,0.0,0.0,-0.06845407872219053,-0.022818026240730177
New Hanover,North Carolina,2018,175.3,0.0,0.0,0.0,-0.07986309184255562
New Hanover,North Carolina,2019,175.3,,,,
New Hanover,North Carolina,2020,175.3,,,,
New Haven,Connecticut,2011,140.5,0.021352313167259787,0.028469750889679714,0.014234875444839857,0.014234875444839857
New Haven,Connecticut,2012,140.5,0.014234875444839857,0.042704626334519574,0.028469750889679714,0.03558718861209965
New Haven,Connecticut,2013,140.5,0.014234875444839857,0.014234875444839857,0.0071174377224199285,0.0071174377224199285
New Haven,Connecticut,2014,140.5,0.021352313167259787,0.021352313167259787,0.0498220640569395,0.15658362989323843
New Haven,Connecticut,2015,140.5,-0.0071174377224199285,0.0071174377224199285,0.0711743772241993,0.0711743772241993
New Haven,Connecticut,2016,140.5,-0.0071174377224199285,-0.014234875444839857,-0.014234875444839857,0.1708185053380783
New Haven,Connecticut,2017,140.5,0.021352313167259787,0.042704626334519574,0.042704626334519574,0.099644128113879
New Haven,Connecticut,2018,140.5,0.0,0.0071174377224199285,0.021352313167259787,0.08540925266903915
New Haven,Connecticut,2019,140.5,,,,
New Haven,Connecticut,2020,140.5,,,,
New River,Arizona,2011,187.3,-0.0053390282968499726,-0.010678056593699945,-0.03203416978109984,-0.018686599038974905
New River,Arizona,2012,187.3,0.0,-0.0053390282968499726,0.010678056593699945,-0.010678056593699945
New River,Arizona,2013,187.3,0.01601708489054992,-0.01601708489054992,0.010678056593699945,0.0
New River,Arizona,2014,187.3,-0.0053390282968499726,0.02135611318739989,-0.0053390282968499726,-0.01601708489054992
New River,Arizona,2015,187.3,0.02135611318739989,0.02135611318739989,0.0053390282968499726,0.010678056593699945
New River,Arizona,2016,187.3,0.0053390282968499726,0.01601708489054992,-0.0053390282968499726,0.03203416978109984
New River,Arizona,2017,187.3,-0.01601708489054992,0.0,0.0053390282968499726,0.0
New River,Arizona,2018,187.3,0.0,0.0,0.0,-0.013347570742124932
New River,Arizona,2019,187.3,,,,
New River,Arizona,2020,187.3,,,,
Okaloosa,Florida,2011,178.5,-0.0056022408963585435,-0.011204481792717087,-0.0392156862745098,-0.0392156862745098
Okaloosa,Florida,2012,178.5,-0.01680672268907563,-0.011204481792717087,-0.028011204481792718,-0.0056022408963585435
Okaloosa,Florida,2013,178.5,-0.0056022408963585435,0.0,0.0,0.0
Okaloosa,Florida,2014,178.5,-0.022408963585434174,-0.011204481792717087,0.011204481792717087,0.01680672268907563
Okaloosa,Florida,2015,178.5,0.0056022408963585435,0.01680672268907563,-0.0056022408963585435,0.011204481792717087
Okaloosa,Florida,2016,178.5,0.0056022408963585435,0.0056022408963585435,0.0,-0.11204481792717087
Okaloosa,Florida,2017,178.5,0.0056022408963585435,-0.0056022408963585435,-0.011204481792717087,-0.03081232492997199
Okaloosa,Florida,2018,178.5,0.0,0.0,0.0,0.0
Okaloosa,Florida,2019,178.5,,,,
Okaloosa,Florida,2020,178.5,,,,
Orange,California,2011,190.3,-0.021019442984760904,-0.010509721492380452,-0.04729374671571203,-0.005254860746190226
Orange,California,2012,190.3,-0.05254860746190226,-0.03678402522333158,0.015764582238570676,0.005254860746190226
Orange,California,2013,190.3,0.0,-0.010509721492380452,0.0,-0.11035207566999473
Orange,California,2014,190.3,-0.010509721492380452,-0.04729374671571203,0.005254860746190226,0.015764582238570676
Orange,California,2015,190.3,-0.03152916447714135,-0.04203888596952181,-0.005254860746190226,-0.015764582238570676
Orange,California,2016,190.3,0.010509721492380452,0.0,-0.0630583289542827,-0.04729374671571203
Orange,California,2017,190.3,0.010509721492380452,0.03678402522333158,-0.09984235417761429,-0.08933263268523384
Orange,California,2018,190.3,0.0,0.0,0.0,-0.057803468208092484
Orange,California,2019,190.3,,,,
Orange,California,2020,190.3,,,,
Oro Valley,Arizona,2011,185.1,0.010804970286331712,0.0,0.005402485143165856,-0.037817396002161
Oro Valley,Arizona,2012,185.1,0.010804970286331712,0.01620745542949757,0.01620745542949757,0.010804970286331712
Oro Valley,Arizona,2013,185.1,0.0,0.0,0.0,-0.005402485143165856
Oro Valley,Arizona,2014,185.1,0.005402485143165856,-0.010804970286331712,-0.010804970286331712,-0.010804970286331712
Oro Valley,Arizona,2015,185.1,0.010804970286331712,0.0,0.010804970286331712,-0.010804970286331712
Oro Valley,Arizona,2016,185.1,-0.010804970286331712,0.02701242571582928,0.010804970286331712,0.05942733657482442
Oro Valley,Arizona,2017,185.1,0.005402485143165856,0.0,-0.005402485143165856,0.0
Oro Valley,Arizona,2018,185.1,0.0,0.0,0.0,0.0
Oro Valley,Arizona,2019,185.1,,,,
Oro Valley,Arizona,2020,185.1,,,,
Paradise Valley,Arizona,2011,202.6,-0.007403751233958539,-0.009871668311944718,-0.007403751233958539,-0.012339585389930898
Paradise Valley,Arizona,2012,202.6,-0.039486673247778874,-0.007403751233958539,-0.012339585389930898,-0.034550839091806514
Paradise Valley,Arizona,2013,202.6,0.007403751233958539,0.004935834155972359,0.027147087857847977,-0.004935834155972359
Paradise Valley,Arizona,2014,202.6,-0.009871668311944718,0.009871668311944718,-0.017275419545903257,0.014807502467917079
Paradise Valley,Arizona,2015,202.6,-0.004935834155972359,0.004935834155972359,0.004935834155972359,0.0
Paradise Valley,Arizona,2016,202.6,-0.014807502467917079,-0.017275419545903257,-0.029615004935834157,-0.029615004935834157
Paradise Valley,Arizona,2017,202.6,0.004935834155972359,0.004935834155972359,-0.009871668311944718,-0.004935834155972359
Paradise Valley,Arizona,2018,202.6,0.0,-0.004935834155972359,-0.004935834155972359,0.004935834155972359
Paradise Valley,Arizona,2019,202.6,,,,
Paradise Valley,Arizona,2020,202.6,,,,
Pasco,Florida,2011,217.8,0.0,-0.004591368227731864,0.0,-0.002295684113865932
Pasco,Florida,2012,217.8,0.009182736455463728,-0.004591368227731864,-0.013774104683195591,0.0
Pasco,Florida,2013,217.8,0.004591368227731864,0.004591368227731864,-0.004591368227731864,0.018365472910927456
Pasco,Florida,2014,217.8,-0.009182736455463728,-0.009182736455463728,-0.01147842056932966,-0.004591368227731864
Pasco,Florida,2015,217.8,0.0,0.004591368227731864,-0.027548209366391182,-0.004591368227731864
Pasco,Florida,2016,217.8,0.0,0.0,-0.004591368227731864,-0.004591368227731864
Pasco,Florida,2017,217.8,0.0,0.009182736455463728,0.0,0.004591368227731864
Pasco,Florida,2018,217.8,0.0,0.0,0.0,0.0
Pasco,Florida,2019,217.8,,,,
Pasco,Florida,2020,217.8,,,,
Payson,Arizona,2011,138.8,-0.050432276657060515,-0.05763688760806916,-0.021613832853025934,0.007204610951008645
Payson,Arizona,2012,138.8,0.01440922190201729,0.05763688760806916,0.021613832853025934,0.02881844380403458
Payson,Arizona,2013,138.8,-0.021613832853025934,-0.02881844380403458,-0.02881844380403458,-0.021613832853025934
Payson,Arizona,2014,138.8,-0.021613832853025934,-0.01440922190201729,0.0,0.021613832853025934
Payson,Arizona,2015,138.8,-0.01440922190201729,-0.01440922190201729,0.03602305475504323,0.02881844380403458
Payson,Arizona,2016,138.8,0.007204610951008645,0.01440922190201729,0.04322766570605187,0.15129682997118155
Payson,Arizona,2017,138.8,-0.021613832853025934,-0.01440922190201729,-0.021613832853025934,0.07204610951008646
Payson,Arizona,2018,138.8,0.0,0.0,-0.03602305475504323,-0.021613832853025934
Payson,Arizona,2019,138.8,,,,
Payson,Arizona,2020,138.8,,,,
Peoria,Arizona,2011,203.6,0.0,0.004911591355599214,0.0,0.0
Peoria,Arizona,2012,203.6,-0.03192534381139489,-0.009823182711198428,-0.012278978388998036,-0.019646365422396856
Peoria,Arizona,2013,203.6,-0.004911591355599214,0.002455795677799607,0.0073673870333988214,-0.004911591355599214
Peoria,Arizona,2014,203.6,-0.004911591355599214,0.004911591355599214,-0.06630648330058939,-0.029469548133595286
Peoria,Arizona,2015,203.6,0.009823182711198428,0.009823182711198428,0.004911591355599214,-0.01719056974459725
Peoria,Arizona,2016,203.6,-0.009823182711198428,-0.0073673870333988214,-0.029469548133595286,-0.029469548133595286
Peoria,Arizona,2017,203.6,0.004911591355599214,0.004911591355599214,-0.009823182711198428,-0.009823182711198428
Peoria,Arizona,2018,203.6,0.0,-0.012278978388998036,-0.024557956777996073,-0.014734774066797643
Peoria,Arizona,2019,203.6,,,,
Peoria,Arizona,2020,203.6,,,,
Phoenix,Arizona,2011,206.4,-0.014534883720930232,-0.0048449612403100775,-0.007267441860465116,-0.009689922480620155
Phoenix,Arizona,2012,206.4,-0.007267441860465116,-0.01937984496124031,-0.029069767441860465,-0.024224806201550386
Phoenix,Arizona,2013,206.4,0.0048449612403100775,0.0,-0.0048449612403100775,0.0
Phoenix,Arizona,2014,206.4,0.0,0.014534883720930232,-0.0436046511627907,-0.04844961240310077
Phoenix,Arizona,2015,206.4,0.0048449612403100775,0.0048449612403100775,-0.012112403100775193,-0.01937984496124031
Phoenix,Arizona,2016,206.4,-0.031492248062015504,-0.024224806201550386,-0.01937984496124031,-0.009689922480620155
Phoenix,Arizona,2017,206.4,0.009689922480620155,0.014534883720930232,-0.04844961240310077,0.0
Phoenix,Arizona,2018,206.4,-0.026647286821705425,-0.04844961240310077,-0.029069767441860465,-0.01937984496124031
Phoenix,Arizona,2019,206.4,,,,
Phoenix,Arizona,2020,206.4,,,,
Placer,California,2011,133.2,0.0900900900900901,0.060060060060060066,-0.052552552552552555,-0.052552552552552555
Placer,California,2012,133.2,0.0,0.0,0.0,0.015015015015015017
Placer,California,2013,133.2,0.015015015015015017,0.015015015015015017,0.007507507507507508,-0.015015015015015017
Placer,California,2014,133.2,0.0,0.015015015015015017,0.03753753753753754,
Placer,California,2015,133.2,-0.007507507507507508,0.0,0.007507507507507508,0.04504504504504505
Placer,California,2016,133.2,-0.015015015015015017,-0.007507507507507508,-0.007507507507507508,-0.015015015015015017
Placer,California,2017,133.2,0.1726726726726727,0.0,0.03753753753753754,0.0975975975975976
Placer,California,2018,133.2,0.0,0.0,0.0,0.060060060060060066
Placer,California,2019,133.2,,,,
Placer,California,2020,133.2,,,,
Polk,Florida,2011,215.9,0.0,-0.004631773969430292,-0.009263547938860583,-0.009263547938860583
Polk,Florida,2012,215.9,-0.004631773969430292,0.0,0.004631773969430292,-0.006947660954145438
Polk,Florida,2013,215.9,0.0,0.0,0.009263547938860583,-0.009263547938860583
Polk,Florida,2014,215.9,0.009263547938860583,0.02315886984715146,0.0,0.009263547938860583
Polk,Florida,2015,215.9,0.0,-0.004631773969430292,-0.013895321908290875,-0.03242241778601204
Polk,Florida,2016,215.9,0.0,0.018527095877721167,0.0,-0.004631773969430292
Polk,Florida,2017,215.9,-0.009263547938860583,-0.037054191755442334,0.009263547938860583,0.018527095877721167
Polk,Florida,2018,215.9,0.0,0.0,0.0,-0.018527095877721167
Polk,Florida,2019,215.9,,,,
Polk,Florida,2020,215.9,,,,
Prescott,Arizona,2011,129.6,-0.03858024691358025,-0.1080246913580247,-0.03858024691358025,-0.08487654320987655
Prescott,Arizona,2012,129.6,-0.02314814814814815,-0.0308641975308642,0.0,
Prescott,Arizona,2013,129.6,0.0,-0.00771604938271605,-0.00771604938271605,-0.02314814814814815
Prescott,Arizona,2014,129.6,-0.0154320987654321,0.00771604938271605,0.0308641975308642,0.0462962962962963
Prescott,Arizona,2015,129.6,-0.03858024691358025,0.02314814814814815,0.06944444444444445,0.0617283950617284
Prescott,Arizona,2016,129.6,-0.0154320987654321,0.0,0.10030864197530864,
Prescott,Arizona,2017,129.6,-0.0771604938271605,-0.06944444444444445,-0.00771604938271605,-0.00771604938271605
Prescott,Arizona,2018,129.6,0.0,0.0,0.0308641975308642,0.0462962962962963
Prescott,Arizona,2019,129.6,,,,
Prescott,Arizona,2020,129.6,,,,
Queen Creek,Arizona,2011,197.1,-0.010147133434804667,-0.010147133434804667,-0.0025367833587011668,-0.007610350076103501
Queen Creek,Arizona,2012,197.1,0.0,0.010147133434804667,0.0050735667174023336,0.0
Queen Creek,Arizona,2013,197.1,0.0,-0.007610350076103501,-0.010147133434804667,-0.007610350076103501
Queen Creek,Arizona,2014,197.1,-0.010147133434804667,0.0,0.0,-0.0050735667174023336
Queen Creek,Arizona,2015,197.1,0.020294266869609334,0.010147133434804667,0.015220700152207002,0.0
Queen Creek,Arizona,2016,197.1,-0.010147133434804667,-0.020294266869609334,-0.020294266869609334,0.0050735667174023336
Queen Creek,Arizona,2017,197.1,-0.0050735667174023336,-0.015220700152207002,-0.0050735667174023336,-0.017757483510908167
Queen Creek,Arizona,2018,197.1,0.0,-0.015220700152207002,-0.020294266869609334,-0.015220700152207002
Queen Creek,Arizona,2019,197.1,,,,
Queen Creek,Arizona,2020,197.1,,,,
Queens,New York,2011,148.7,0.0336247478143914,0.020174848688634835,0.020174848688634835,0.05379959650302623
Queens,New York,2012,148.7,-0.013449899125756557,0.026899798251513115,0.006724949562878279,0.013449899125756557
Queens,New York,2013,148.7,0.013449899125756557,0.006724949562878279,0.010087424344317418,0.0033624747814391394
Queens,New York,2014,148.7,0.006724949562878279,0.0,0.0,-0.12104909213180902
Queens,New York,2015,148.7,0.020174848688634835,0.006724949562878279,0.020174848688634835,0.013449899125756557
Queens,New York,2016,148.7,-0.013449899125756557,0.0,0.0,-0.06052454606590451
Queens,New York,2017,148.7,0.04707464694014795,0.06052454606590451,0.006724949562878279,0.026899798251513115
Queens,New York,2018,148.7,0.0,0.006724949562878279,-0.013449899125756557,0.07397444519166106
Queens,New York,2019,148.7,,,,
Queens,New York,2020,148.7,,,,
Rio Rico,Arizona,2011,158.6,0.006305170239596469,-0.012610340479192938,0.031525851197982346,-0.06305170239596469
Rio Rico,Arizona,2012,158.6,0.0,0.0,-0.012610340479192938,-0.025220680958385876
Rio Rico,Arizona,2013,158.6,-0.03783102143757881,-0.006305170239596469,-0.006305170239596469,-0.018915510718789406
Rio Rico,Arizona,2014,158.6,0.012610340479192938,-0.012610340479192938,0.006305170239596469,0.018915510718789406
Rio Rico,Arizona,2015,158.6,-0.025220680958385876,-0.006305170239596469,0.031525851197982346,0.03783102143757881
Rio Rico,Arizona,2016,158.6,0.006305170239596469,-0.012610340479192938,-0.031525851197982346,-0.06305170239596469
Rio Rico,Arizona,2017,158.6,-0.012610340479192938,-0.006305170239596469,-0.03783102143757881,0.10718789407313997
Rio Rico,Arizona,2018,158.6,0.0,0.0,-0.006305170239596469,-0.012610340479192938
Rio Rico,Arizona,2019,158.6,,,,
Rio Rico,Arizona,2020,158.6,,,,
Rockland,New York,2011,142.1,0.07037297677691767,0.035186488388458836,0.014074595355383534,0.0633356790992259
Rockland,New York,2012,142.1,0.0,-0.014074595355383534,0.007037297677691767,0.014074595355383534
Rockland,New York,2013,142.1,0.007037297677691767,0.007037297677691767,0.014074595355383534,0.007037297677691767
Rockland,New York,2014,142.1,0.0211118930330753,0.0211118930330753,0.07037297677691767,0.1055594651653765
Rockland,New York,2015,142.1,0.007037297677691767,0.0211118930330753,0.014074595355383534,0.028149190710767068
Rockland,New York,2016,142.1,0.04926108374384237,-0.035186488388458836,0.09148486980999297,0.0844475721323012
Rockland,New York,2017,142.1,0.014074595355383534,0.007037297677691767,0.0211118930330753,0.0422237860661506
Rockland,New York,2018,142.1,0.0,0.0,0.0844475721323012,0.1055594651653765
Rockland,New York,2019,142.1,,,,
Rockland,New York,2020,142.1,,,,
Sacramento,California,2011,161.5,0.0,0.06191950464396285,0.043343653250773995,0.01238390092879257
Sacramento,California,2012,161.5,0.006191950464396285,0.0,0.0,0.17956656346749225
Sacramento,California,2013,161.5,0.02476780185758514,0.006191950464396285,0.0804953560371517,
Sacramento,California,2014,161.5,0.02476780185758514,-0.018575851393188854,0.02476780185758514,0.09287925696594428
Sacramento,California,2015,161.5,0.01238390092879257,-0.006191950464396285,-0.006191950464396285,0.01238390092879257
Sacramento,California,2016,161.5,0.006191950464396285,-0.02476780185758514,0.01238390092879257,
Sacramento,California,2017,161.5,0.01238390092879257,0.0,0.0,0.08668730650154799
Sacramento,California,2018,161.5,0.0,0.0,0.0,0.006191950464396285
Sacramento,California,2019,161.5,,,,
Sacramento,California,2020,161.5,,,,
Sahuarita,Arizona,2011,181.9,0.016492578339747113,0.0,-0.010995052226498075,-0.005497526113249038
Sahuarita,Arizona,2012,181.9,-0.010995052226498075,0.010995052226498075,0.0,0.005497526113249038
Sahuarita,Arizona,2013,181.9,0.038482682792743264,-0.010995052226498075,0.005497526113249038,0.0
Sahuarita,Arizona,2014,181.9,0.005497526113249038,0.0,0.0,-0.010995052226498075
Sahuarita,Arizona,2015,181.9,-0.02199010445299615,-0.005497526113249038,0.05497526113249038,0.07146783947223749
Sahuarita,Arizona,2016,181.9,-0.005497526113249038,0.02748763056624519,0.005497526113249038,0.005497526113249038
Sahuarita,Arizona,2017,181.9,0.010995052226498075,0.005497526113249038,-0.010995052226498075,0.02199010445299615
Sahuarita,Arizona,2018,181.9,0.0,0.0,0.0,-0.016492578339747113
Sahuarita,Arizona,2019,181.9,,,,
Sahuarita,Arizona,2020,181.9,,,,
San Benito,California,2011,132.8,0.03012048192771084,0.00753012048192771,0.01506024096385542,-0.02259036144578313
San Benito,California,2012,132.8,-0.00753012048192771,0.0,0.0,-0.026355421686746986
San Benito,California,2013,132.8,0.03012048192771084,0.03012048192771084,0.00753012048192771,-0.04518072289156626
San Benito,California,2014,132.8,-0.01506024096385542,-0.15813253012048192,0.01506024096385542,0.05271084337349397
San Benito,California,2015,132.8,-0.01506024096385542,-0.01506024096385542,-0.02259036144578313,-0.03765060240963855
San Benito,California,2016,132.8,-0.04518072289156626,-0.03012048192771084,-0.02259036144578313,-0.01506024096385542
San Benito,California,2017,132.8,0.03012048192771084,0.03012048192771084,0.0,-0.02259036144578313
San Benito,California,2018,132.8,0.0,0.0,0.0,0.03012048192771084
San Benito,California,2019,132.8,,,,
San Benito,California,2020,132.8,,,,
San Bernardino,California,2011,180.1,-0.041643531371460304,-0.0138811771238201,-0.09439200444197668,-0.1110494169905608
San Bernardino,California,2012,180.1,-0.03609106052193226,-0.05274847307051638,-0.08328706274292061,-0.01665741254858412
San Bernardino,California,2013,180.1,-0.06662965019433648,-0.6718489727928929,-0.6218767351471405,-0.18878400888395336
San Bernardino,California,2014,180.1,-0.03331482509716824,-0.07773459189339256,-0.21654636313159356,-0.22765130483064966
San Bernardino,California,2015,180.1,-0.01665741254858412,-0.01665741254858412,-0.01665741254858412,-0.00555247084952804
San Bernardino,California,2016,180.1,-0.02220988339811216,0.00832870627429206,-0.01665741254858412,0.0
San Bernardino,California,2017,180.1,0.01665741254858412,0.00555247084952804,-0.00277623542476402,0.0
San Bernardino,California,2018,180.1,-0.1776790671848973,-0.0555247084952804,-0.03886729594669628,-0.03886729594669628
San Bernardino,California,2019,180.1,,,,
San Bernardino,California,2020,180.1,,,,
San Diego,California,2011,138.6,0.06493506493506494,-0.03607503607503608,-0.03607503607503608,-0.01443001443001443
San Diego,California,2012,138.6,0.0,-0.02886002886002886,0.043290043290043295,-0.007215007215007215
San Diego,California,2013,138.6,-0.043290043290043295,-0.07936507936507937,-0.08658008658008659,-0.050505050505050504
San Diego,California,2014,138.6,0.07215007215007216,-0.050505050505050504,-0.03607503607503608,-0.01443001443001443
San Diego,California,2015,138.6,-0.06493506493506494,-0.03607503607503608,-0.02886002886002886,0.02886002886002886
San Diego,California,2016,138.6,-0.07215007215007216,-0.03607503607503608,0.0,-0.007215007215007215
San Diego,California,2017,138.6,-0.05772005772005772,-0.050505050505050504,-0.043290043290043295,-0.05772005772005772
San Diego,California,2018,138.6,0.0,0.0,0.01443001443001443,-0.09379509379509379
San Diego,California,2019,138.6,,,,
San Diego,California,2020,138.6,,,,
San Joaquin,California,2011,164.4,0.00608272506082725,-0.024330900243309,0.048661800486618,-0.01824817518248175
San Joaquin,California,2012,164.4,0.0,-0.0121654501216545,-0.00608272506082725,0.10340632603406326
San Joaquin,California,2013,164.4,0.00608272506082725,-0.00608272506082725,0.072992700729927,0.048661800486618
San Joaquin,California,2014,164.4,0.024330900243309,0.0608272506082725,0.0364963503649635,0.12773722627737225
San Joaquin,California,2015,164.4,-0.05474452554744525,-0.00608272506082725,-0.00608272506082725,0.0364963503649635
San Joaquin,California,2016,164.4,-0.00608272506082725,-0.00608272506082725,-0.00608272506082725,0.024330900243309
San Joaquin,California,2017,164.4,-0.00608272506082725,-0.00608272506082725,-0.024330900243309,0.01824817518248175
San Joaquin,California,2018,164.4,0.0,0.0,0.0,0.015206812652068125
San Joaquin,California,2019,164.4,,,,
San Joaquin,California,2020,164.4,,,,
San Luis Obispo,California,2011,120.8,-0.008278145695364239,0.024834437086092717,-0.024834437086092717,-0.041390728476821195
San Luis Obispo,California,2012,120.8,0.033112582781456956,0.041390728476821195,0.347682119205298,
San Luis Obispo,California,2013,120.8,0.10761589403973511,0.016556291390728478,0.12417218543046359,-0.041390728476821195
San Luis Obispo,California,2014,120.8,0.024834437086092717,0.05794701986754967,,
San Luis Obispo,California,2015,120.8,0.0,0.0,0.0,0.008278145695364239
San Luis Obispo,California,2016,120.8,-0.008278145695364239,-0.008278145695364239,0.0,-0.008278145695364239
San Luis Obispo,California,2017,120.8,0.0,0.016556291390728478,,
San Luis Obispo,California,2018,120.8,0.0,0.0,0.11589403973509935,0.041390728476821195
San Luis Obispo,California,2019,120.8,,,,
San Luis Obispo,California,2020,120.8,,,,
San Luis,Arizona,2011,199.6,-0.01002004008016032,-0.015030060120240482,0.01002004008016032,
San Luis,Arizona,2012,199.6,-0.08517034068136273,-0.06513026052104208,-0.06012024048096193,-0.050100200400801605
San Luis,Arizona,2013,199.6,0.00501002004008016,-0.00501002004008016,-0.025050100200400802,-0.03507014028056112
San Luis,Arizona,2014,199.6,-0.037575150300601205,0.0,-0.00501002004008016,-0.01002004008016032
San Luis,Arizona,2015,199.6,0.0,-0.00250501002004008,-0.012525050100200401,-0.02004008016032064
San Luis,Arizona,2016,199.6,-0.01753507014028056,-0.01002004008016032,-0.00501002004008016,0.01002004008016032
San Luis,Arizona,2017,199.6,-0.015030060120240482,-0.012525050100200401,-0.025050100200400802,-0.02755511022044088
San Luis,Arizona,2018,199.6,-0.00501002004008016,-0.015030060120240482,-0.015030060120240482,-0.015030060120240482
San Luis,Arizona,2019,199.6,,,,
San Luis,Arizona,2020,199.6,,,,
San Mateo,California,2011,108.3,0.10156971375807941,0.09233610341643583,0.07386888273314866,
San Mateo,California,2012,108.3,-0.009233610341643583,-0.027700831024930747,-0.03693444136657433,-0.06463527239150509
San Mateo,California,2013,108.3,-0.018467220683287166,-0.03693444136657433,-0.055401662049861494,-0.07386888273314866
San Mateo,California,2014,108.3,,,,
San Mateo,California,2015,108.3,0.08310249307479224,0.03693444136657433,0.018467220683287166,-0.009233610341643583
San Mateo,California,2016,108.3,0.03693444136657433,0.009233610341643583,-0.055401662049861494,-0.08310249307479224
San Mateo,California,2017,108.3,-0.055401662049861494,-0.055401662049861494,-0.06463527239150509,-0.08310249307479224
San Mateo,California,2018,108.3,0.0,0.0,0.009233610341643583,0.03693444136657433
San Mateo,California,2019,108.3,,,,
San Mateo,California,2020,108.3,,,,
San Tan Valley,Arizona,2011,197.7,-0.005058168942842691,-0.010116337885685382,-0.0025290844714213456,-0.007587253414264037
San Tan Valley,Arizona,2012,197.7,0.015174506828528073,0.010116337885685382,0.0,-0.005058168942842691
San Tan Valley,Arizona,2013,197.7,-0.005058168942842691,-0.0025290844714213456,-0.010116337885685382,0.0
San Tan Valley,Arizona,2014,197.7,-0.010116337885685382,0.005058168942842691,0.0,-0.010116337885685382
San Tan Valley,Arizona,2015,197.7,0.015174506828528073,0.015174506828528073,0.020232675771370764,0.0
San Tan Valley,Arizona,2016,197.7,-0.005058168942842691,-0.015174506828528073,-0.022761760242792112,0.005058168942842691
San Tan Valley,Arizona,2017,197.7,-0.005058168942842691,-0.010116337885685382,0.0,-0.010116337885685382
San Tan Valley,Arizona,2018,197.7,0.0,-0.015174506828528073,-0.010116337885685382,-0.015174506828528073
San Tan Valley,Arizona,2019,197.7,,,,
San Tan Valley,Arizona,2020,197.7,,,,
Santa Barbara,California,2011,128.3,0.007794232268121589,-0.06235385814497271,-0.031176929072486356,-0.046765393608729534
Santa Barbara,California,2012,128.3,0.0,-0.007794232268121589,0.015588464536243178,
Santa Barbara,California,2013,128.3,0.10911925175370225,0.10911925175370225,0.0701480904130943,0.03897116134060795
Santa Barbara,California,2014,128.3,0.0,0.015588464536243178,0.1558846453624318,0.1558846453624318
Santa Barbara,California,2015,128.3,-0.023382696804364767,-0.015588464536243178,0.0,0.046765393608729534
Santa Barbara,California,2016,128.3,-0.03897116134060795,-0.023382696804364767,0.015588464536243178,
Santa Barbara,California,2017,128.3,0.0,0.0,-0.015588464536243178,-0.031176929072486356
Santa Barbara,California,2018,128.3,0.0,0.0,0.0,0.05455962587685113
Santa Barbara,California,2019,128.3,,,,
Santa Barbara,California,2020,128.3,,,,
Santa Clara,California,2011,113.2,0.026501766784452298,-0.0088339222614841,-0.0176678445229682,-0.0353356890459364
Santa Clara,California,2012,113.2,0.0353356890459364,0.026501766784452298,0.0706713780918728,
Santa Clara,California,2013,113.2,0.026501766784452298,0.026501766784452298,0.0176678445229682,0.026501766784452298
Santa Clara,California,2014,113.2,0.09717314487632508,0.0176678445229682,0.32685512367491165,
Santa Clara,California,2015,113.2,-0.06183745583038869,-0.044169611307420496,-0.0088339222614841,0.026501766784452298
Santa Clara,California,2016,113.2,0.044169611307420496,0.053003533568904596,0.053003533568904596,0.1413427561837456
Santa Clara,California,2017,113.2,0.0176678445229682,0.0176678445229682,0.0176678445229682,
Santa Clara,California,2018,113.2,0.0,0.0,0.0,0.0
Santa Clara,California,2019,113.2,,,,
Santa Clara,California,2020,113.2,,,,
Santa Cruz,California,2011,122.1,0.0900900900900901,0.024570024570024572,0.049140049140049144,
Santa Cruz,California,2012,122.1,0.04095004095004095,0.03276003276003276,,
Santa Cruz,California,2013,122.1,0.024570024570024572,0.01638001638001638,0.00819000819000819,0.0
Santa Cruz,California,2014,122.1,0.171990171990172,0.15561015561015562,0.01638001638001638,0.01638001638001638
Santa Cruz,California,2015,122.1,-0.01638001638001638,0.00819000819000819,0.03276003276003276,0.049140049140049144
Santa Cruz,California,2016,122.1,0.20475020475020475,0.19656019656019658,0.06552006552006552,
Santa Cruz,California,2017,122.1,0.00819000819000819,0.0,-0.00819000819000819,
Santa Cruz,California,2018,122.1,0.0,0.0,0.0,0.0
Santa Cruz,California,2019,122.1,,,,
Santa Cruz,California,2020,122.1,,,,
Santa Rosa,Florida,2011,178.4,-0.02802690582959641,-0.011210762331838564,-0.02802690582959641,0.005605381165919282
Santa Rosa,Florida,2012,178.4,-0.005605381165919282,-0.016816143497757848,-0.05044843049327354,0.0
Santa Rosa,Florida,2013,178.4,-0.016816143497757848,-0.005605381165919282,-0.011210762331838564,0.0
Santa Rosa,Florida,2014,178.4,-0.02242152466367713,-0.02242152466367713,0.033632286995515695,0.005605381165919282
Santa Rosa,Florida,2015,178.4,0.02802690582959641,0.02242152466367713,-0.005605381165919282,-0.02802690582959641
Santa Rosa,Florida,2016,178.4,0.011210762331838564,0.0,-0.011210762331838564,-0.04484304932735426
Santa Rosa,Florida,2017,178.4,-0.011210762331838564,0.0,-0.005605381165919282,0.005605381165919282
Santa Rosa,Florida,2018,178.4,0.0,0.0,0.0,-0.02802690582959641
Santa Rosa,Florida,2019,178.4,,,,
Santa Rosa,Florida,2020,178.4,,,,
Scottsdale,Arizona,2011,201.1,-0.0074589756340129295,0.002486325211337643,-0.004972650422675286,-0.004972650422675286
Scottsdale,Arizona,2012,201.1,-0.004972650422675286,-0.012431626056688214,-0.014917951268025859,-0.019890601690701143
Scottsdale,Arizona,2013,201.1,0.009945300845350571,0.002486325211337643,0.014917951268025859,0.0
Scottsdale,Arizona,2014,201.1,0.0,0.009945300845350571,-0.009945300845350571,-0.014917951268025859
Scottsdale,Arizona,2015,201.1,0.004972650422675286,0.004972650422675286,0.009945300845350571,-0.004972650422675286
Scottsdale,Arizona,2016,201.1,-0.019890601690701143,-0.02486325211337643,-0.034808552958727,-0.034808552958727
Scottsdale,Arizona,2017,201.1,0.0,0.004972650422675286,0.0,-0.009945300845350571
Scottsdale,Arizona,2018,201.1,0.0,-0.014917951268025859,-0.029835902536051718,-0.02486325211337643
Scottsdale,Arizona,2019,201.1,,,,
Scottsdale,Arizona,2020,201.1,,,,
Sierra Vista,Arizona,2011,161.3,-0.00619962802231866,-0.018598884066955982,0.01239925604463732,-0.018598884066955982
Sierra Vista,Arizona,2012,161.3,-0.01239925604463732,0.00619962802231866,-0.00619962802231866,-0.02479851208927464
Sierra Vista,Arizona,2013,161.3,0.0309981401115933,-0.01239925604463732,-0.00619962802231866,0.00619962802231866
Sierra Vista,Arizona,2014,161.3,-0.09919404835709857,0.0,0.0309981401115933,0.1425914445133292
Sierra Vista,Arizona,2015,161.3,-0.01239925604463732,0.018598884066955982,-0.018598884066955982,-0.00619962802231866
Sierra Vista,Arizona,2016,161.3,-0.02479851208927464,0.0,0.00619962802231866,0.02479851208927464
Sierra Vista,Arizona,2017,161.3,-0.018598884066955982,-0.02479851208927464,0.06819590824550527,-0.00619962802231866
Sierra Vista,Arizona,2018,161.3,0.0,0.0,0.0,0.00619962802231866
Sierra Vista,Arizona,2019,161.3,,,,
Sierra Vista,Arizona,2020,161.3,,,,
Solano,California,2011,155.0,0.04516129032258064,0.0,0.09032258064516129,-0.025806451612903226
Solano,California,2012,155.0,0.0064516129032258064,0.0,-0.0064516129032258064,
Solano,California,2013,155.0,0.04516129032258064,0.012903225806451613,0.012903225806451613,
Solano,California,2014,155.0,0.012903225806451613,-0.012903225806451613,0.07096774193548387,0.15483870967741936
Solano,California,2015,155.0,0.03225806451612903,-0.03870967741935484,-0.012903225806451613,0.0064516129032258064
Solano,California,2016,155.0,0.012903225806451613,-0.03870967741935484,0.012903225806451613,0.08387096774193549
Solano,California,2017,155.0,-0.012903225806451613,0.01935483870967742,0.012903225806451613,0.07741935483870968
Solano,California,2018,155.0,0.0,0.0,0.0,0.0064516129032258064
Solano,California,2019,155.0,,,,
Solano,California,2020,155.0,,,,
Somerton,Arizona,2011,200.5,-0.04239401496259352,-0.02493765586034913,-0.029925187032418952,-0.0399002493765586
Somerton,Arizona,2012,200.5,-0.04738154613466334,-0.10473815461346633,-0.12219451371571072,-0.14214463840399003
Somerton,Arizona,2013,200.5,0.0,-0.0024937655860349127,-0.014962593516209476,-0.07481296758104738
Somerton,Arizona,2014,200.5,-0.00997506234413965,-0.00997506234413965,-0.014962593516209476,-0.014962593516209476
Somerton,Arizona,2015,200.5,0.0,-0.012468827930174564,-0.02743142144638404,-0.014962593516209476
Somerton,Arizona,2016,200.5,-0.014962593516209476,-0.029925187032418952,-0.034912718204488775,-0.0199501246882793
Somerton,Arizona,2017,200.5,-0.004987531172069825,-0.012468827930174564,-0.00997506234413965,-0.017456359102244388
Somerton,Arizona,2018,200.5,-0.07481296758104738,-0.00997506234413965,-0.014962593516209476,-0.00997506234413965
Somerton,Arizona,2019,200.5,,,,
Somerton,Arizona,2020,200.5,,,,
Sonoma,California,2011,146.7,0.0,-0.02044989775051125,-0.02044989775051125,-0.02044989775051125
Sonoma,California,2012,146.7,0.0136332651670075,0.00681663258350375,0.0408997955010225,
Sonoma,California,2013,146.7,0.0136332651670075,0.0136332651670075,0.08861622358554874,
Sonoma,California,2014,146.7,0.0,-0.0136332651670075,-0.00681663258350375,
Sonoma,California,2015,146.7,-0.03408316291751875,0.0408997955010225,0.06134969325153375,
Sonoma,California,2016,146.7,-0.0136332651670075,0.0,0.0681663258350375,
Sonoma,California,2017,146.7,-0.0408997955010225,-0.02044989775051125,-0.0136332651670075,
Sonoma,California,2018,146.7,0.0,0.0,0.0,0.0
Sonoma,California,2019,146.7,,,,
Sonoma,California,2020,146.7,,,,
St. Johns,Florida,2011,201.1,-0.014917951268025859,-0.009945300845350571,0.004972650422675286,0.004972650422675286
St. Johns,Florida,2012,201.1,-0.004972650422675286,0.004972650422675286,0.014917951268025859,-0.014917951268025859
St. Johns,Florida,2013,201.1,0.004972650422675286,0.02486325211337643,0.009945300845350571,0.0074589756340129295
St. Johns,Florida,2014,201.1,0.004972650422675286,0.019890601690701143,-0.034808552958727,-0.014917951268025859
St. Johns,Florida,2015,201.1,0.014917951268025859,0.02486325211337643,0.02486325211337643,0.014917951268025859
St. Johns,Florida,2016,201.1,0.0,0.034808552958727,-0.004972650422675286,-0.014917951268025859
St. Johns,Florida,2017,201.1,0.059671805072103436,-0.004972650422675286,-0.004972650422675286,-0.04972650422675286
St. Johns,Florida,2018,201.1,0.0,0.0,0.0,0.0
St. Johns,Florida,2019,201.1,,,,
St. Johns,Florida,2020,201.1,,,,
Sun City,Arizona,2011,204.8,-0.009765625,-0.00732421875,-0.009765625,-0.01953125
Sun City,Arizona,2012,204.8,-0.01220703125,-0.02197265625,-0.02197265625,-0.029296875
Sun City,Arizona,2013,204.8,-0.00244140625,0.00244140625,-0.00244140625,0.0
Sun City,Arizona,2014,204.8,-0.0048828125,0.009765625,-0.05615234375,-0.048828125
Sun City,Arizona,2015,204.8,0.0146484375,0.0048828125,0.009765625,-0.01953125
Sun City,Arizona,2016,204.8,-0.0048828125,-0.00732421875,-0.0341796875,-0.0244140625
Sun City,Arizona,2017,204.8,0.009765625,0.0,-0.029296875,-0.04638671875
Sun City,Arizona,2018,204.8,-0.01953125,-0.0439453125,-0.0439453125,-0.0341796875
Sun City,Arizona,2019,204.8,,,,
Sun City,Arizona,2020,204.8,,,,
Surprise,Arizona,2011,202.2,0.0024727992087042534,0.004945598417408507,0.004945598417408507,0.004945598417408507
Surprise,Arizona,2012,202.2,0.004945598417408507,-0.017309594460929775,-0.01483679525222552,-0.01483679525222552
Surprise,Arizona,2013,202.2,-0.004945598417408507,0.00741839762611276,0.0,-0.0024727992087042534
Surprise,Arizona,2014,202.2,0.009891196834817014,0.01483679525222552,-0.027200791295746787,-0.009891196834817014
Surprise,Arizona,2015,202.2,0.01483679525222552,0.004945598417408507,0.009891196834817014,-0.009891196834817014
Surprise,Arizona,2016,202.2,0.019782393669634028,-0.01483679525222552,-0.024727992087042534,-0.024727992087042534
Surprise,Arizona,2017,202.2,-0.009891196834817014,-0.004945598417408507,-0.0024727992087042534,-0.004945598417408507
Surprise,Arizona,2018,202.2,0.0,-0.02967359050445104,-0.03461918892185955,-0.024727992087042534
Surprise,Arizona,2019,202.2,,,,
Surprise,Arizona,2020,202.2,,,,
Sussex,New Jersey,2011,136.9,0.007304601899196493,-0.02191380569758948,-0.02191380569758948,-0.029218407596785973
Sussex,New Jersey,2012,136.9,0.007304601899196493,0.02191380569758948,0.02191380569758948,0.058436815193571946
Sussex,New Jersey,2013,136.9,0.007304601899196493,0.007304601899196493,0.014609203798392987,0.0
Sussex,New Jersey,2014,136.9,-0.007304601899196493,-0.007304601899196493,0.014609203798392987,0.10226442658875091
Sussex,New Jersey,2015,136.9,-0.007304601899196493,-0.014609203798392987,0.014609203798392987,0.08035062089116143
Sussex,New Jersey,2016,136.9,-0.014609203798392987,-0.007304601899196493,0.014609203798392987,0.1241782322863404
Sussex,New Jersey,2017,136.9,0.029218407596785973,0.0,0.0,0.007304601899196493
Sussex,New Jersey,2018,136.9,-0.014609203798392987,-0.007304601899196493,0.04382761139517896,0.07304601899196493
Sussex,New Jersey,2019,136.9,,,,
Sussex,New Jersey,2020,136.9,,,,
Sutter,California,2011,163.8,0.006105006105006105,0.036630036630036625,0.0,0.030525030525030524
Sutter,California,2012,163.8,0.0,0.0,0.18925518925518925,-0.006105006105006105
Sutter,California,2013,163.8,-0.006105006105006105,0.0,0.030525030525030524,0.030525030525030524
Sutter,California,2014,163.8,-0.006105006105006105,-0.01221001221001221,0.0,0.06105006105006105
Sutter,California,2015,163.8,0.006105006105006105,-0.006105006105006105,-0.006105006105006105,0.006105006105006105
Sutter,California,2016,163.8,-0.018315018315018312,-0.01221001221001221,0.02442002442002442,0.018315018315018312
Sutter,California,2017,163.8,-0.006105006105006105,-0.006105006105006105,0.0,0.018315018315018312
Sutter,California,2018,163.8,0.0,0.0,0.0,0.009157509157509156
Sutter,California,2019,163.8,,,,
Sutter,California,2020,163.8,,,,
Tanque Verde,Arizona,2011,181.5,0.011019283746556474,0.005509641873278237,-0.01652892561983471,-0.005509641873278237
Tanque Verde,Arizona,2012,181.5,-0.005509641873278237,0.01652892561983471,0.01652892561983471,0.011019283746556474
Tanque Verde,Arizona,2013,181.5,0.0440771349862259,0.0,0.0,0.0
Tanque Verde,Arizona,2014,181.5,0.005509641873278237,0.0,-0.011019283746556474,-0.011019283746556474
Tanque Verde,Arizona,2015,181.5,-0.005509641873278237,0.02203856749311295,0.02203856749311295,0.05509641873278237
Tanque Verde,Arizona,2016,181.5,-0.01652892561983471,0.027548209366391185,0.011019283746556474,0.027548209366391185
Tanque Verde,Arizona,2017,181.5,0.01652892561983471,0.0,-0.011019283746556474,-0.005509641873278237
Tanque Verde,Arizona,2018,181.5,0.0,0.0,0.0,-0.005509641873278237
Tanque Verde,Arizona,2019,181.5,,,,
Tanque Verde,Arizona,2020,181.5,,,,
Tarrant,Texas,2011,183.5,0.03814713896457766,-0.027247956403269755,-0.010899182561307902,0.0326975476839237
Tarrant,Texas,2012,183.5,0.005449591280653951,0.0,-0.005449591280653951,0.0027247956403269754
Tarrant,Texas,2013,183.5,0.0653950953678474,0.021798365122615803,0.14168937329700274,0.027247956403269755
Tarrant,Texas,2014,183.5,0.027247956403269755,0.010899182561307902,0.027247956403269755,0.008174386920980926
Tarrant,Texas,2015,183.5,0.05994550408719346,0.0326975476839237,0.021798365122615803,0.04904632152588556
Tarrant,Texas,2016,183.5,-0.01634877384196185,-0.021798365122615803,0.005449591280653951,0.010899182561307902
Tarrant,Texas,2017,183.5,0.0,0.043596730245231606,0.0,0.013623978201634877
Tarrant,Texas,2018,183.5,0.0,0.0,0.021798365122615803,0.01634877384196185
Tarrant,Texas,2019,183.5,,,,
Tarrant,Texas,2020,183.5,,,,
Taylor,Florida,2011,186.6,0.0053590568060021436,0.010718113612004287,0.0,0.0
Taylor,Florida,2012,186.6,0.02679528403001072,0.021436227224008574,0.0053590568060021436,0.021436227224008574
Taylor,Florida,2013,186.6,0.04287245444801715,0.0053590568060021436,0.0053590568060021436,0.008038585209003215
Taylor,Florida,2014,186.6,-0.02679528403001072,0.0053590568060021436,0.01607717041800643,0.0053590568060021436
Taylor,Florida,2015,186.6,-0.010718113612004287,-0.01607717041800643,-0.0053590568060021436,-0.021436227224008574
Taylor,Florida,2016,186.6,0.0,-0.04287245444801715,-0.010718113612004287,-0.021436227224008574
Taylor,Florida,2017,186.6,0.0,0.0,-0.010718113612004287,0.0
Taylor,Florida,2018,186.6,0.0,0.0,0.0,0.0
Taylor,Florida,2019,186.6,,,,
Taylor,Florida,2020,186.6,,,,
Tempe,Arizona,2011,201.6,-0.00992063492063492,-0.00248015873015873,-0.00992063492063492,-0.00992063492063492
Tempe,Arizona,2012,201.6,0.00496031746031746,0.00496031746031746,-0.00496031746031746,-0.012400793650793652
Tempe,Arizona,2013,201.6,0.00496031746031746,-0.00248015873015873,-0.00248015873015873,-0.00248015873015873
Tempe,Arizona,2014,201.6,0.0,0.00496031746031746,-0.00992063492063492,-0.01984126984126984
Tempe,Arizona,2015,201.6,0.00992063492063492,0.00496031746031746,0.0,-0.012400793650793652
Tempe,Arizona,2016,201.6,-0.01984126984126984,-0.022321428571428572,-0.024801587301587304,-0.024801587301587304
Tempe,Arizona,2017,201.6,-0.00496031746031746,0.0,0.0,-0.007440476190476191
Tempe,Arizona,2018,201.6,0.0,-0.014880952380952382,-0.01984126984126984,-0.00992063492063492
Tempe,Arizona,2019,201.6,,,,
Tempe,Arizona,2020,201.6,,,,
Transylvania,North Carolina,2011,139.5,-0.11469534050179211,-0.05017921146953405,-0.05017921146953405,-0.043010752688172046
Transylvania,North Carolina,2012,139.5,-0.035842293906810034,-0.021505376344086023,-0.07885304659498207,-0.05017921146953405
Transylvania,North Carolina,2013,139.5,0.014336917562724014,0.007168458781362007,0.007168458781362007,0.0
Transylvania,North Carolina,2014,139.5,0.007168458781362007,0.0,-0.007168458781362007,-0.014336917562724014
Transylvania,North Carolina,2015,139.5,-0.1003584229390681,-0.021505376344086023,-0.035842293906810034,-0.007168458781362007
Transylvania,North Carolina,2016,139.5,-0.007168458781362007,-0.043010752688172046,-0.014336917562724014,-0.12186379928315412
Transylvania,North Carolina,2017,139.5,-0.014336917562724014,-0.014336917562724014,-0.007168458781362007,-0.05017921146953405
Transylvania,North Carolina,2018,139.5,0.0,0.007168458781362007,0.007168458781362007,-0.014336917562724014
Transylvania,North Carolina,2019,139.5,,,,
Transylvania,North Carolina,2020,139.5,,,,
Tulare,California,2011,142.1,0.04926108374384237,0.028149190710767068,0.007037297677691767,-0.007037297677691767
Tulare,California,2012,142.1,0.0,-0.014074595355383534,-0.1477832512315271,-0.035186488388458836
Tulare,California,2013,142.1,-0.0211118930330753,-0.028149190710767068,-0.014074595355383534,-0.014074595355383534
Tulare,California,2014,142.1,0.0422237860661506,-0.035186488388458836,0.0211118930330753,-0.028149190710767068
Tulare,California,2015,142.1,-0.0211118930330753,-0.035186488388458836,-0.035186488388458836,0.0633356790992259
Tulare,California,2016,142.1,-0.0422237860661506,-0.028149190710767068,0.007037297677691767,0.0
Tulare,California,2017,142.1,-0.0211118930330753,-0.04926108374384237,-0.028149190710767068,-0.028149190710767068
Tulare,California,2018,142.1,0.0,0.0,0.007037297677691767,-0.04926108374384237
Tulare,California,2019,142.1,,,,
Tulare,California,2020,142.1,,,,
Wake,North Carolina,2011,165.4,-0.006045949214026602,0.012091898428053204,0.02418379685610641,0.06650544135429262
Wake,North Carolina,2012,165.4,0.018137847642079805,-0.05441354292623942,0.006045949214026602,-0.006045949214026602
Wake,North Carolina,2013,165.4,0.012091898428053204,0.0,-0.006045949214026602,-0.04232164449818621
Wake,North Carolina,2014,165.4,-0.012091898428053204,-0.018137847642079805,-0.018137847642079805,0.006045949214026602
Wake,North Carolina,2015,165.4,-0.018137847642079805,-0.006045949214026602,-0.018137847642079805,-0.006045949214026602
Wake,North Carolina,2016,165.4,-0.03022974607013301,0.0,0.09673518742442563,0.07255139056831922
Wake,North Carolina,2017,165.4,-0.018137847642079805,-0.012091898428053204,0.0,0.04836759371221282
Wake,North Carolina,2018,165.4,0.0,0.0,0.05441354292623942,-0.09068923821039902
Wake,North Carolina,2019,165.4,,,,
Wake,North Carolina,2020,165.4,,,,
Wakulla,Florida,2011,184.2,0.005428881650380022,0.005428881650380022,0.038002171552660155,0.02171552660152009
Wakulla,Florida,2012,184.2,0.02171552660152009,0.016286644951140065,0.0,0.02714440825190011
Wakulla,Florida,2013,184.2,0.03257328990228013,0.0,0.0,0.008143322475570033
Wakulla,Florida,2014,184.2,-0.03257328990228013,-0.010857763300760045,-0.010857763300760045,0.02171552660152009
Wakulla,Florida,2015,184.2,-0.016286644951140065,-0.02714440825190011,-0.005428881650380022,-0.016286644951140065
Wakulla,Florida,2016,184.2,-0.016286644951140065,0.02171552660152009,0.010857763300760045,-0.005428881650380022
Wakulla,Florida,2017,184.2,0.005428881650380022,0.005428881650380022,0.010857763300760045,0.02171552660152009
Wakulla,Florida,2018,184.2,0.0,0.0,0.0,0.0
Wakulla,Florida,2019,184.2,,,,
Wakulla,Florida,2020,184.2,,,,
Walton,Florida,2011,181.0,-0.0055248618784530384,0.0,0.0,-0.016574585635359115
Walton,Florida,2012,181.0,-0.0055248618784530384,-0.011049723756906077,-0.016574585635359115,-0.011049723756906077
Walton,Florida,2013,181.0,-0.0055248618784530384,0.0055248618784530384,0.0,0.0055248618784530384
Walton,Florida,2014,181.0,-0.0055248618784530384,-0.0055248618784530384,0.011049723756906077,0.0055248618784530384
Walton,Florida,2015,181.0,-0.0055248618784530384,0.0055248618784530384,0.0,0.011049723756906077
Walton,Florida,2016,181.0,-0.0055248618784530384,0.0,-0.0055248618784530384,-0.03867403314917127
Walton,Florida,2017,181.0,0.0,0.0,0.0055248618784530384,-0.0055248618784530384
Walton,Florida,2018,181.0,0.0,0.0,0.0,0.0
Walton,Florida,2019,181.0,,,,
Walton,Florida,2020,181.0,,,,
Warren,New Jersey,2011,137.0,0.0,0.0,0.0,0.0072992700729927005
Warren,New Jersey,2012,137.0,0.029197080291970802,0.0,0.0072992700729927005,0.0364963503649635
Warren,New Jersey,2013,137.0,0.0,-0.01824817518248175,0.0,0.0072992700729927005
Warren,New Jersey,2014,137.0,-0.0072992700729927005,0.0,0.029197080291970802,0.16058394160583941
Warren,New Jersey,2015,137.0,-0.021897810218978103,-0.0072992700729927005,0.021897810218978103,0.043795620437956206
Warren,New Jersey,2016,137.0,-0.021897810218978103,-0.014598540145985401,0.0072992700729927005,0.029197080291970802
Warren,New Jersey,2017,137.0,0.021897810218978103,0.0,0.021897810218978103,0.043795620437956206
Warren,New Jersey,2018,137.0,-0.029197080291970802,-0.0072992700729927005,0.058394160583941604,0.072992700729927
Warren,New Jersey,2019,137.0,,,,
Warren,New Jersey,2020,137.0,,,,
Washington,Florida,2011,181.3,0.005515719801434087,0.0,0.0,-0.03861003861003861
Washington,Florida,2012,181.3,-0.011031439602868174,0.0,-0.005515719801434087,-0.011031439602868174
Washington,Florida,2013,181.3,0.011031439602868174,-0.005515719801434087,-0.011031439602868174,-0.005515719801434087
Washington,Florida,2014,181.3,-0.005515719801434087,-0.011031439602868174,0.0,-0.011031439602868174
Washington,Florida,2015,181.3,-0.011031439602868174,-0.005515719801434087,0.0,0.0
Washington,Florida,2016,181.3,-0.011031439602868174,0.005515719801434087,0.011031439602868174,-0.01654715940430226
Washington,Florida,2017,181.3,0.011031439602868174,0.0,0.005515719801434087,0.0
Washington,Florida,2018,181.3,0.0,0.0,0.0,0.0
Washington,Florida,2019,181.3,,,,
Washington,Florida,2020,181.3,,,,
Westchester,New York,2011,142.4,0.014044943820224719,0.014044943820224719,0.007022471910112359,0.03511235955056179
Westchester,New York,2012,142.4,-0.007022471910112359,0.007022471910112359,0.0,0.021067415730337078
Westchester,New York,2013,142.4,0.014044943820224719,0.007022471910112359,0.03160112359550562,0.04915730337078651
Westchester,New York,2014,142.4,0.014044943820224719,0.021067415730337078,0.08426966292134831,0.21769662921348315
Westchester,New York,2015,142.4,-0.014044943820224719,-0.021067415730337078,-0.007022471910112359,0.014044943820224719
Westchester,New York,2016,142.4,0.007022471910112359,-0.04915730337078651,0.0,0.056179775280898875
Westchester,New York,2017,142.4,0.021067415730337078,0.0,0.021067415730337078,0.021067415730337078
Westchester,New York,2018,142.4,0.0,-0.007022471910112359,0.07724719101123595,
Westchester,New York,2019,142.4,,,,
Westchester,New York,2020,142.4,,,,
Yuma,Arizona,2011,203.1,-0.03692762186115214,-0.024618414574101428,-0.029542097488921715,-0.034465780403742
Yuma,Arizona,2012,203.1,-0.03938946331856229,-0.10585918266863614,-0.10832102412604629,-0.12309207287050715
Yuma,Arizona,2013,203.1,0.002461841457410143,0.004923682914820286,-0.034465780403742,-0.044313146233382575
Yuma,Arizona,2014,203.1,-0.032003938946331856,-0.034465780403742,-0.03938946331856229,-0.029542097488921715
Yuma,Arizona,2015,203.1,-0.009847365829640572,0.002461841457410143,-0.014771048744460858,-0.03938946331856229
Yuma,Arizona,2016,203.1,-0.032003938946331856,-0.19202363367799113,-0.034465780403742,-0.014771048744460858
Yuma,Arizona,2017,203.1,-0.012309207287050714,-0.007385524372230429,-0.004923682914820286,0.002461841457410143
Yuma,Arizona,2018,203.1,-0.029542097488921715,-0.029542097488921715,-0.019694731659281144,-0.014771048744460858
Yuma,Arizona,2019,203.1,,,,
Yuma,Arizona,2020,203.1,,,,
